所在縣市,識別碼,栓位X坐標(TWD97),栓位Y坐標(TWD97),消防栓形態(種類編碼)
台東縣,1.04301E+21,273620.023,2557667.523,4
台東縣,1.04301E+21,272784.061,2558075.585,4
台東縣,1.04301E+21,272769.589,2558144.682,4
台東縣,1.04301E+21,273386.246,2558137.155,4
台東縣,1.04301E+21,273287.294,2557962.172,4
台東縣,1.047E+21,263580.513,2520986.296,4
台東縣,1.047E+21,263456.859,2521117.044,4
台東縣,1.047E+21,263459.716,2520947.391,4
台東縣,1.047E+21,263494.188,2520887.809,4
台東縣,1.047E+21,263290.132,2520742.663,4
台東縣,1.047E+21,263190.189,2520815.902,4
台東縣,1.047E+21,263251.985,2520698.154,4
台東縣,1.047E+21,263542.303,2520232.619,4
台東縣,1.047E+21,263257.961,2520571.966,4
台東縣,1.047E+21,263244.122,2520474.7,4
台東縣,1.047E+21,263368.928,2520489.858,4
台東縣,1.047E+21,263400.955,2520573.207,4
台東縣,1.047E+21,263259.213,2520349.115,0
台東縣,1.047E+21,263357.792,2520612.036,4
台東縣,1.04301E+21,272188.674,2557526.396,4
台東縣,1.04301E+21,271276.792,2557586.568,0
台東縣,1.04301E+21,270477.584,2556395.513,4
台東縣,1.04301E+21,269945.663,2558874.62,4
台東縣,1.04301E+21,270459.565,2555793.341,4
台東縣,1.04301E+21,270773.25,2556239.772,4
台東縣,1.04301E+21,270716.514,2556389.504,4
台東縣,1.04301E+21,269321.086,2558955.105,4
台東縣,1.04301E+21,269172.464,2558970.029,4
台東縣,1.04301E+21,269022.643,2558922.388,4
台東縣,1.04301E+21,269277.247,2558843.948,4
台東縣,1.04301E+21,269144.733,2558821.699,4
台東縣,1.04301E+21,271858.573,2557400.435,4
台東縣,1.04301E+21,272016.61,2557453.26,4
台東縣,1.047E+21,270618.268,2556319.902,4
台東縣,1.04301E+21,270936.297,2555514.999,4
台東縣,1.04301E+21,270810.949,2556488.67,4
台東縣,1.04301E+21,270908.585,2556430.286,4
台東縣,1.04301E+21,271038.423,2556629.242,4
台東縣,1.04301E+21,270904.417,2556680.687,4
台東縣,1.04301E+21,271235.757,2556907.285,4
台東縣,1.04301E+21,270914.307,2557042.965,4
台東縣,1.04301E+21,270920.837,2557413.583,4
台東縣,1.04301E+21,271070.067,2557182.861,4
台東縣,1.04301E+21,271897.028,2557282.866,4
台東縣,1.04301E+21,271765.876,2557250.436,4
台東縣,1.04301E+21,270540.074,2557550.356,0
台東縣,1.04301E+21,271011.755,2557266.243,4
台東縣,1.04301E+21,271075.037,2555804.877,4
台東縣,1.04301E+21,270618.183,2556017.005,4
台東縣,1.04301E+21,272174.089,2557593.559,4
台東縣,1.04301E+21,271158.752,2555976.027,4
台東縣,1.04301E+21,271763.475,2554526.169,4
台東縣,1.04301E+21,271689.533,2554473.755,4
台東縣,1.04301E+21,272555.072,2554609.945,4
台東縣,1.047E+21,259945.126,2522050.148,4
台東縣,1.047E+21,258860.01,2523533.943,4
台東縣,1.047E+21,259481.523,2522995.965,4
台東縣,1.047E+21,259885.447,2522435.893,4
台東縣,1.047E+21,259762.838,2522194.079,4
台東縣,1.047E+21,258919.618,2523658.866,4
台東縣,1.047E+21,259162.455,2523408.202,4
台東縣,1.047E+21,259425.486,2523162.133,4
台東縣,1.047E+21,259362.715,2523053.096,4
台東縣,1.047E+21,259602.426,2523018.297,4
台東縣,1.047E+21,259488.153,2523125.72,4
台東縣,1.047E+21,259870.319,2522261.715,4
台東縣,1.047E+21,259642.671,2522344.266,4
台東縣,1.047E+21,259789.15,2522529.126,4
台東縣,1.047E+21,260471,2521498.716,4
台東縣,1.047E+21,260536.504,2521578.576,0
台東縣,1.047E+21,259254.704,2522930.47,4
台東縣,1.047E+21,259755.52,2522436.654,4
台東縣,1.047E+21,261835.684,2521190.94,4
台東縣,1.047E+21,260980.416,2521233.024,4
台東縣,1.047E+21,261477.526,2520605.383,4
台東縣,1.047E+21,261438.466,2520872.491,4
台東縣,1.047E+21,261465.242,2520200.733,4
台東縣,1.047E+21,261163.619,2521056.385,4
台東縣,1.047E+21,261179.781,2521076.978,4
台東縣,1.047E+21,261612.682,2520348.066,4
台東縣,1.047E+21,261599.708,2520763.205,4
台東縣,1.047E+21,261593.12,2520889.555,4
台東縣,1.047E+21,261678.914,2520973.563,4
台東縣,1.047E+21,261773.421,2521092.579,4
台東縣,1.047E+21,261146.697,2521120.625,4
台東縣,1.04601E+21,241989.847,2484053.166,4
台東縣,1.04601E+21,242020.777,2483877.221,4
台東縣,1.04601E+21,242137.164,2483709.376,4
台東縣,1.04601E+21,241974.123,2484187.683,4
台東縣,1.04601E+21,242043.809,2484179.267,4
台東縣,1.04601E+21,242215.791,2484388.862,4
台東縣,1.04601E+21,242262.29,2484428.723,4
台東縣,1.04601E+21,242294.915,2484462.236,4
台東縣,1.04601E+21,241773.887,2479641.563,4
台東縣,1.04601E+21,242129.868,2479631.478,4
台東縣,1.04601E+21,242178.511,2484039.644,4
台東縣,1.04601E+21,249349.985,2499572.109,4
台東縣,1.04601E+21,250096.804,2500423.969,4
台東縣,1.04601E+21,250196.229,2500429.922,4
台東縣,1.047E+21,250289.474,2500762.036,4
台東縣,1.04601E+21,250296.691,2500500.365,4
台東縣,1.04601E+21,250556.476,2501190.866,4
台東縣,1.04601E+21,250284.49,2500599.268,4
台東縣,1.04601E+21,250070.419,2500446.702,4
台東縣,1.04601E+21,250384.96,2501193.383,4
台東縣,1.04601E+21,250260.387,2501301.363,4
台東縣,1.04601E+21,250279.838,2501333.928,4
台東縣,1.04601E+21,250299.972,2501390.406,4
台東縣,1.04601E+21,250486.948,2500872.575,4
台東縣,1.04601E+21,250583.699,2501033.759,4
台東縣,1.04601E+21,250513.111,2501092.044,4
台東縣,1.04601E+21,250655.724,2501360.638,4
台東縣,1.04601E+21,250467.626,2500995.63,4
台東縣,1.04601E+21,250435.707,2501253.226,4
台東縣,1.04601E+21,250482.535,2501228.688,4
台東縣,1.04601E+21,250494.201,2501346.186,4
台東縣,1.04601E+21,250519.199,2501088.822,4
台東縣,1.04601E+21,250472.918,2501114.056,4
台東縣,1.04601E+21,250978.076,2501942.741,4
台東縣,1.04601E+21,250780.77,2501613.819,4
台東縣,1.04601E+21,250794.709,2501830.295,0
台東縣,1.04601E+21,250476.631,2501631.766,4
台東縣,1.04601E+21,250565.512,2501417.351,4
台東縣,1.04601E+21,250536.272,2501587.99,4
台東縣,1.04601E+21,250517.765,2501492.444,4
台東縣,1.04601E+21,250648.319,2501510.394,4
台東縣,1.04601E+21,250405.78,2501704.769,4
台東縣,1.04601E+21,250546.258,2502054.918,0
台東縣,1.04601E+21,250847.745,2501706.723,4
台東縣,1.04601E+21,250778.625,2501433.525,4
台東縣,1.04601E+21,250799.608,2501722.327,4
台東縣,1.04601E+21,250632.783,2501960.647,0
台東縣,1.04601E+21,250371.785,2501286.042,4
台東縣,1.04601E+21,250338.871,2500877.936,4
台東縣,1.04601E+21,250231.445,2501174.224,4
台東縣,1.04601E+21,250310.581,2500491.335,4
台東縣,1.04601E+21,250574.418,2501055.919,4
台東縣,1.04601E+21,250878.764,2501781.51,4
台東縣,1.04601E+21,250762.374,2501433.327,4
台東縣,1.04601E+21,250299.551,2501164.135,4
台東縣,1.04601E+21,250142.329,2500490.118,4
台東縣,1.04601E+21,250137.786,2500389.219,4
台東縣,1.04601E+21,250050.566,2500324.768,4
台東縣,1.04601E+21,250167.05,2500655.73,4
台東縣,1.04601E+21,250158.276,2501431.255,4
台東縣,1.04601E+21,250403.753,2500855.694,4
台東縣,1.04601E+21,250594.959,2501249.469,4
台東縣,1.04601E+21,250743.473,2501633.267,4
台東縣,1.04601E+21,250739.262,2501494.898,4
台東縣,1.04601E+21,250561.899,2501762.072,4
台東縣,1.04601E+21,250904.068,2501775.761,4
台東縣,1.04601E+21,251041.811,2502078.393,4
台東縣,1.04601E+21,250176.616,2500835.621,0
台東縣,1.04601E+21,240303.706,2473199.04,4
台東縣,1.04601E+21,240023.797,2472927.825,4
台東縣,1.04601E+21,240294.305,2473767.789,4
台東縣,1.04601E+21,240114.243,2473027.903,4
台東縣,1.04601E+21,240458.123,2473761.619,4
台東縣,1.04601E+21,240379.583,2473306.249,4
台東縣,1.04601E+21,240225.493,2473142.859,4
台東縣,1.047E+21,240216.71,2473843.764,4
台東縣,1.04601E+21,237554.306,2473483.682,4
台東縣,1.04601E+21,237600.258,2473437.276,4
台東縣,1.04601E+21,237611.57,2473366.33,4
台東縣,1.047E+21,240310.299,2473836.824,4
台東縣,1.04601E+21,240103.123,2472945.88,4
台東縣,1.04601E+21,240321.209,2473663.063,4
台東縣,1.04601E+21,239788.994,2473945.195,4
台東縣,1.04601E+21,239741.133,2474054.425,4
台東縣,1.04601E+21,237325.376,2473538.772,4
台東縣,1.04601E+21,240416.545,2473697.5,4
台東縣,1.04601E+21,240728.953,2476326.23,4
台東縣,1.04601E+21,240745.9,2476261.511,4
台東縣,1.04601E+21,240772.175,2476159.148,4
台東縣,1.04601E+21,240814.035,2476168.601,4
台東縣,1.04601E+21,240674.294,2476223.411,4
台東縣,1.04601E+21,240808.693,2476037.651,4
台東縣,1.04601E+21,240862.196,2476044.877,4
台東縣,1.04601E+21,240795.622,2476333.892,4
台東縣,1.04601E+21,240756.308,2476221.319,4
台東縣,1.04601E+21,238046.809,2471774.757,4
台東縣,1.04601E+21,238661.325,2471191.697,0
台東縣,1.04601E+21,238711.103,2471347.982,4
台東縣,1.04601E+21,238698.882,2471274.064,4
台東縣,1.04601E+21,238738.403,2472636.847,4
台東縣,1.04601E+21,238944.922,2471087.152,4
台東縣,1.04601E+21,238566.076,2471308.448,4
台東縣,1.04601E+21,238955.619,2471210.374,4
台東縣,1.04601E+21,239266.83,2471357.838,4
台東縣,1.04601E+21,238541.898,2471426.512,4
台東縣,1.04601E+21,238046.929,2471891.372,4
台東縣,1.04601E+21,239131.34,2471402.498,4
台東縣,1.04601E+21,238922.839,2471092.599,4
台東縣,1.04601E+21,239316.69,2471493.967,4
台東縣,1.04601E+21,239008.192,2471182.968,4
台東縣,1.04601E+21,237649.482,2471833.567,4
台東縣,1.04601E+21,238656.977,2471395.4,4
台東縣,1.04601E+21,238520.51,2471676.629,4
台東縣,1.04601E+21,237710.107,2470652.239,4
台東縣,1.04601E+21,238535.228,2466243.144,4
台東縣,1.04601E+21,238552.054,2467748.664,4
台東縣,1.047E+21,238425.615,2467943.075,4
台東縣,1.047E+21,238485.728,2467871.845,4
台東縣,1.047E+21,269396.349,2524488.845,4
台東縣,1.047E+21,269402.465,2524675.24,4
台東縣,1.047E+21,269127.727,2525211.625,4
台東縣,1.047E+21,268990.444,2525668.153,4
台東縣,1.047E+21,269254.161,2526544.766,4
台東縣,1.047E+21,269602.238,2527702.443,4
台東縣,1.047E+21,269101.461,2526134.241,4
台東縣,1.047E+21,269353.258,2526912.241,4
台東縣,1.047E+21,254992.315,2511872.782,4
台東縣,1.047E+21,254111.209,2511676.607,4
台東縣,1.047E+21,254329.475,2511782.964,4
台東縣,1.047E+21,254492.877,2511846.063,4
台東縣,1.047E+21,254633.926,2511898.71,4
台東縣,1.047E+21,254795.092,2511901.556,4
台東縣,1.047E+21,254792.379,2511964.472,4
台東縣,1.047E+21,254266.78,2511991.07,4
台東縣,1.047E+21,254908.708,2511885.4,4
台東縣,1.047E+21,255193.533,2511840.137,4
台東縣,1.047E+21,255178.927,2511983.195,4
台東縣,1.047E+21,255066.781,2511994.075,4
台東縣,1.047E+21,254977.947,2512003.504,4
台東縣,1.047E+21,255055.826,2511805.449,4
台東縣,1.047E+21,255158.353,2511767.18,4
台東縣,1.047E+21,254827.739,2512598.298,4
台東縣,1.047E+21,255271.971,2511826.507,4
台東縣,1.047E+21,255389.7,2511807.797,4
台東縣,1.047E+21,255392.36,2511956.254,4
台東縣,1.047E+21,255263.643,2511726.041,4
台東縣,1.047E+21,255383.828,2511697.993,4
台東縣,1.047E+21,254885.442,2511993.1,4
台東縣,1.047E+21,255170.447,2511913.156,4
台東縣,1.047E+21,254239.647,2511759.719,4
台東縣,1.047E+21,254335.608,2512127.362,4
台東縣,1.047E+21,255056.266,2511861.814,4
台東縣,1.047E+21,255282.981,2511970.415,4
台東縣,1.04501E+21,277282.143,2535784.802,4
台東縣,1.04501E+21,277079.724,2535125.207,4
台東縣,1.04501E+21,277417.308,2536078.769,4
台東縣,1.04501E+21,277308.851,2536174.209,4
台東縣,1.04501E+21,277380.133,2536163.779,4
台東縣,1.04501E+21,277471.448,2536173.54,4
台東縣,1.04501E+21,277507.917,2536350.517,4
台東縣,1.04501E+21,277560.534,2536240.82,4
台東縣,1.04501E+21,277618.709,2536324.843,4
台東縣,1.04501E+21,277693.087,2536297.791,4
台東縣,1.04501E+21,277646.756,2536217.298,4
台東縣,1.04501E+21,277605.505,2536201.092,4
台東縣,1.04501E+21,277400.018,2536230.604,4
台東縣,1.04501E+21,277534.934,2536319.205,4
台東縣,1.04501E+21,277453.259,2536050.778,4
台東縣,1.04501E+21,277297.305,2535890.368,4
台東縣,1.04501E+21,277383.826,2535963.116,4
台東縣,1.04501E+21,277508.149,2536024.877,4
台東縣,1.047E+21,253874.123,2507996.276,4
台東縣,1.04601E+21,253709.225,2507798.064,4
台東縣,1.047E+21,253611.391,2507713.965,4
台東縣,1.04601E+21,250705.641,2503303.221,4
台東縣,1.04601E+21,250793.944,2503259.398,4
台東縣,1.04601E+21,250679.039,2503382.52,4
台東縣,1.04601E+21,251248.614,2502697.708,4
台東縣,1.047E+21,262359.761,2514338.118,4
台東縣,1.047E+21,262107.494,2514889.2,4
台東縣,1.047E+21,262739.101,2513840.714,4
台東縣,1.047E+21,262727.177,2514781.102,4
台東縣,1.047E+21,263144.341,2513487.878,4
台東縣,1.047E+21,262856.081,2515138.758,4
台東縣,1.047E+21,263263.687,2513602.185,4
台東縣,1.047E+21,263368.232,2513689.834,4
台東縣,1.047E+21,262629.959,2515164.199,4
台東縣,1.047E+21,262521.819,2515107.379,4
台東縣,1.047E+21,262300.913,2514991.19,4
台東縣,1.047E+21,262176.811,2515158.587,4
台東縣,1.047E+21,262222.181,2514949.944,4
台東縣,1.047E+21,262053.085,2514738.498,4
台東縣,1.047E+21,262488.751,2515081.611,4
台東縣,1.047E+21,262425.507,2515056.777,4
台東縣,1.047E+21,262360.757,2515022.562,4
台東縣,1.047E+21,261988.268,2514826.162,4
台東縣,1.047E+21,263030.196,2515185.17,4
台東縣,1.047E+21,262252.552,2515060.504,4
台東縣,1.047E+21,263459.006,2514762.153,4
台東縣,1.047E+21,262534.849,2515331.222,4
台東縣,1.04601E+21,249859.895,2500195.967,4
台東縣,1.04601E+21,248064.649,2499883.117,4
台東縣,1.04601E+21,249893.061,2502490.11,4
台東縣,1.04601E+21,249738.204,2500608.207,4
台東縣,1.04601E+21,249819.247,2500551.716,4
台東縣,1.04601E+21,249768.365,2500524.221,4
台東縣,1.04601E+21,249775.426,2500214.195,4
台東縣,1.04601E+21,249668.432,2500487.31,4
台東縣,1.04601E+21,249972.002,2500250.216,4
台東縣,1.04601E+21,249611.988,2500649.758,4
台東縣,1.04601E+21,249792.889,2500457.521,4
台東縣,1.04601E+21,252892.837,2506941.19,4
台東縣,1.047E+21,251985.979,2505241.013,4
台東縣,1.047E+21,252097.894,2505688.161,4
台東縣,1.047E+21,266041.588,2517001.838,4
台東縣,1.047E+21,265743.59,2516961.6,4
台東縣,1.047E+21,265969.661,2516908.957,4
台東縣,1.047E+21,265963.329,2517072.51,4
台東縣,1.047E+21,265891.415,2516986.279,4
台東縣,1.047E+21,265474.507,2517052.983,4
台東縣,1.047E+21,265682.425,2516905.679,4
台東縣,1.047E+21,265668.722,2517015.317,4
台東縣,1.047E+21,265629.992,2516854.858,4
台東縣,1.047E+21,265549.289,2516985.006,4
台東縣,1.047E+21,265578.618,2516889.38,4
台東縣,1.047E+21,243797.19,2484734.47,4
台東縣,1.047E+21,243995.227,2484612.587,4
台東縣,1.047E+21,243682.8,2484859.586,4
台東縣,1.04601E+21,243817.662,2484707.978,4
台東縣,1.04601E+21,243748.036,2484598.255,4
台東縣,1.047E+21,243612.231,2484760.722,4
台東縣,1.04601E+21,243807.689,2484895.023,4
台東縣,1.047E+21,243739.778,2484833.104,4
台東縣,1.04601E+21,243771.086,2484943.416,4
台東縣,1.04601E+21,244183.902,2484759.275,4
台東縣,1.04601E+21,243625.922,2491865.772,4
台東縣,1.04601E+21,244047.42,2484777.523,4
台東縣,1.04601E+21,243805.195,2484824.042,4
台東縣,1.047E+21,263934.139,2517472.92,4
台東縣,1.047E+21,263928.786,2517484.278,4
台東縣,1.047E+21,263983.13,2517719.036,4
台東縣,1.047E+21,263988.796,2517851.444,4
台東縣,1.047E+21,263950.094,2517766.83,4
台東縣,1.047E+21,264366.066,2518177.882,0
台東縣,1.047E+21,264262.295,2517967.602,4
台東縣,1.047E+21,264269.76,2517768.28,4
台東縣,1.047E+21,264194.875,2517641.33,4
台東縣,1.047E+21,264049.788,2517624.607,4
台東縣,1.047E+21,264412.893,2517850.154,4
台東縣,1.047E+21,264364.36,2518057.88,4
台東縣,1.047E+21,264172.21,2517865.35,4
台東縣,1.047E+21,264515.51,2518060.69,4
台東縣,1.047E+21,264500.3,2517927.82,4
台東縣,1.047E+21,264428.376,2517992.118,4
台東縣,1.047E+21,264016.454,2517671.236,4
台東縣,1.047E+21,264078.705,2517579.372,4
台東縣,1.047E+21,265927.649,2517171.144,4
台東縣,1.047E+21,265821.733,2517199.018,4
台東縣,1.047E+21,265673.009,2517303.744,0
台東縣,1.047E+21,265753.803,2517100.071,4
台東縣,1.047E+21,265902.19,2517268.27,4
台東縣,1.047E+21,265881.276,2517126.29,4
台東縣,1.047E+21,265813.326,2517046.5,4
台東縣,1.047E+21,265625.38,2517059.37,4
台東縣,1.047E+21,265761.959,2517375.005,4
台東縣,1.047E+21,265888.551,2517270.802,4
台東縣,1.047E+21,265996.432,2517529.1,4
台東縣,1.047E+21,266349.745,2517824.618,0
台東縣,1.047E+21,266173.235,2517679.717,4
台東縣,1.047E+21,266023.474,2517585.759,4
台東縣,1.047E+21,266130.847,2517732.477,4
台東縣,1.047E+21,266223.661,2517645.501,4
台東縣,1.047E+21,265996.974,2517714.078,4
台東縣,1.047E+21,266351.89,2517753.68,4
台東縣,1.047E+21,266268.99,2517864.65,0
台東縣,1.047E+21,265982.514,2517356.632,4
台東縣,1.047E+21,265828.328,2517527.335,4
台東縣,1.047E+21,266120.412,2517380.726,4
台東縣,1.047E+21,266037.34,2517457.314,0
台東縣,1.047E+21,265974.611,2517224.907,4
台東縣,1.047E+21,266050.643,2517437.559,4
台東縣,1.047E+21,265861.884,2517484.701,4
台東縣,1.047E+21,265920.335,2517546,4
台東縣,1.047E+21,266040.05,2517300.929,4
台東縣,1.04601E+21,246317.203,2492307.255,4
台東縣,1.04601E+21,246567.548,2492691.648,4
台東縣,1.04601E+21,243969.125,2492350.996,4
台東縣,1.04601E+21,243623.486,2492414.361,4
台東縣,1.04601E+21,243696.882,2492401.866,4
台東縣,1.04601E+21,245908.258,2492441.598,4
台東縣,1.04601E+21,245325.467,2492532.585,4
台東縣,1.04601E+21,245837.641,2492458.494,4
台東縣,1.04601E+21,246387.752,2492279.76,4
台東縣,1.04601E+21,246345.824,2492541.931,4
台東縣,1.04601E+21,246016.082,2492470.793,4
台東縣,1.047E+21,245659.916,2492484.293,4
台東縣,1.04601E+21,245998.718,2492519.07,4
台東縣,1.04601E+21,246315.82,2492425.256,4
台東縣,1.04601E+21,246277.737,2492738.481,4
台東縣,1.04601E+21,246595.554,2492351.446,4
台東縣,1.04601E+21,246633.098,2492563.371,4
台東縣,1.04601E+21,246427.624,2492479.38,4
台東縣,1.047E+21,243985.57,2492402.65,4
台東縣,1.04601E+21,244986.671,2492524.336,4
台東縣,1.04601E+21,246047.726,2492408.035,4
台東縣,1.04601E+21,245265.683,2492493.933,0
台東縣,1.04601E+21,243820.535,2492279.343,4
台東縣,1.04601E+21,244010.646,2492286.822,4
台東縣,1.04601E+21,246255.707,2492562.945,4
台東縣,1.04601E+21,243595.133,2492383.266,4
台東縣,1.04601E+21,243672.496,2492365.432,4
台東縣,1.04601E+21,245594.614,2492493.12,4
台東縣,1.04601E+21,245907.784,2492550.64,4
台東縣,1.04601E+21,246341.64,2492633.362,4
台東縣,1.04601E+21,245996.942,2492399.291,4
台東縣,1.04601E+21,246482.433,2492695.27,4
台東縣,1.04601E+21,246294.959,2492720.739,4
台東縣,1.047E+21,265066.894,2516906.979,4
台東縣,1.047E+21,265325.941,2517250.551,0
台東縣,1.047E+21,265411.063,2517146.902,4
台東縣,1.047E+21,265282.966,2517145.11,4
台東縣,1.047E+21,265092.228,2516996.265,4
台東縣,1.047E+21,264938.848,2517019.639,4
台東縣,1.047E+21,265131.1,2516975.03,4
台東縣,1.047E+21,265186.541,2517039.702,4
台東縣,1.047E+21,265196.081,2516918.268,4
台東縣,1.047E+21,265147.51,2517260.02,4
台東縣,1.047E+21,265009.37,2517111.82,4
台東縣,1.047E+21,265060.304,2517160.378,4
台東縣,1.047E+21,265263.17,2517399.38,4
台東縣,1.047E+21,265326.35,2517338.19,4
台東縣,1.047E+21,265290.542,2517007.04,4
台東縣,1.047E+21,265928.111,2517912.496,4
台東縣,1.047E+21,265885.928,2518098.746,4
台東縣,1.047E+21,266007.489,2518003.033,4
台東縣,1.047E+21,266184.227,2517970.797,4
台東縣,1.047E+21,266214.829,2518030.869,0
台東縣,1.047E+21,265663.315,2517812.652,0
台東縣,1.047E+21,266089.5,2518092.16,4
台東縣,1.047E+21,266047.586,2517803.978,4
台東縣,1.047E+21,265859.386,2517651.785,0
台東縣,1.047E+21,264787.356,2518100.429,4
台東縣,1.047E+21,265190.632,2517789.199,4
台東縣,1.047E+21,265045.404,2517850.863,4
台東縣,1.047E+21,265189.511,2518041.995,4
台東縣,1.047E+21,264916.069,2518041.053,4
台東縣,1.047E+21,265190.346,2517975.752,4
台東縣,1.047E+21,265053.017,2517907.199,4
台東縣,1.047E+21,265049.587,2518037.062,4
台東縣,1.047E+21,265045.415,2517973.326,4
台東縣,1.047E+21,264916.739,2517908.464,4
台東縣,1.047E+21,265132.39,2517642.66,4
台東縣,1.047E+21,265011.63,2517720.2,4
台東縣,1.047E+21,264882.09,2517802.24,4
台東縣,1.047E+21,265307.8,2518102.064,4
台東縣,1.047E+21,265190.673,2517849.666,4
台東縣,1.047E+21,265044.193,2517772.299,4
台東縣,1.047E+21,265190.977,2517909.961,4
台東縣,1.047E+21,264613.53,2518000.82,4
台東縣,1.047E+21,265195.986,2517721.374,4
台東縣,1.047E+21,264995.355,2517410.261,4
台東縣,1.047E+21,264791.89,2517419.706,0
台東縣,1.047E+21,264797.751,2517839.602,4
台東縣,1.047E+21,265186.701,2517441.43,4
台東縣,1.047E+21,264986.81,2517495.523,4
台東縣,1.047E+21,265084.308,2517320.948,4
台東縣,1.047E+21,264727.88,2517355.68,4
台東縣,1.047E+21,264968.65,2517121.2,4
台東縣,1.047E+21,264895.34,2517197.82,4
台東縣,1.047E+21,265294.4,2517502.27,4
台東縣,1.047E+21,265204.55,2517577.66,4
台東縣,1.047E+21,265125.683,2517540.826,4
台東縣,1.047E+21,265129.295,2517464.827,4
台東縣,1.047E+21,265333.885,2517488.533,4
台東縣,1.047E+21,265382.012,2517827.888,4
台東縣,1.047E+21,265405.795,2517554.919,4
台東縣,1.047E+21,265334.385,2517721.958,4
台東縣,1.047E+21,265324.543,2517601.373,4
台東縣,1.047E+21,265680.847,2517649.972,4
台東縣,1.047E+21,265679.404,2517545.418,4
台東縣,1.047E+21,265457.36,2517333.61,4
台東縣,1.047E+21,265571.681,2517737.458,4
台東縣,1.047E+21,265273.18,2517546.33,4
台東縣,1.047E+21,265583.247,2517545.969,4
台東縣,1.047E+21,265582.886,2517878.618,0
台東縣,1.047E+21,265749.841,2517707.056,0
台東縣,1.047E+21,265620.257,2517372.335,4
台東縣,1.047E+21,265470.971,2517480.419,4
台東縣,1.047E+21,265323.198,2517912.545,4
台東縣,1.047E+21,265613.262,2517829.246,0
台東縣,1.047E+21,265689.524,2517445.649,4
台東縣,1.04601E+21,246127.331,2499396.306,4
台東縣,1.04601E+21,245890.433,2499644.965,4
台東縣,1.04601E+21,245958.528,2499359.017,4
台東縣,1.04601E+21,245868.531,2499780.717,4
台東縣,1.04601E+21,245942.402,2499850.45,4
台東縣,1.04601E+21,247278.873,2499536.199,4
台東縣,1.04601E+21,245989.728,2499403.613,4
台東縣,1.04601E+21,246092.166,2499856.326,4
台東縣,1.04601E+21,245551.451,2499599.13,4
台東縣,1.04601E+21,245666.141,2499482.258,4
台東縣,1.04601E+21,245135.956,2499285.759,4
台東縣,1.04601E+21,245134.834,2499194.039,4
台東縣,1.047E+21,242655.634,2491869.584,4
台東縣,1.04601E+21,242258.157,2491704.771,4
台東縣,1.04601E+21,242541.382,2491788.502,4
台東縣,1.047E+21,255089.437,2512861.468,4
台東縣,1.047E+21,255497.47,2511789.543,4
台東縣,1.047E+21,255598.547,2511930.614,4
台東縣,1.047E+21,255507.584,2511941.907,4
台東縣,1.047E+21,255800.249,2512192.931,4
台東縣,1.047E+21,255879.804,2511961.378,4
台東縣,1.047E+21,255970.733,2512003.773,4
台東縣,1.047E+21,255933.338,2511830.707,4
台東縣,1.047E+21,255989.02,2511909.174,4
台東縣,1.047E+21,255883.407,2511860.327,4
台東縣,1.047E+21,255985.768,2512132.148,4
台東縣,1.047E+21,255724.309,2511625.097,4
台東縣,1.047E+21,255656.734,2511659.916,4
台東縣,1.047E+21,255761.35,2511755.001,4
台東縣,1.047E+21,255673.824,2511760.941,4
台東縣,1.047E+21,255688.994,2511918.288,4
台東縣,1.047E+21,255694.1,2512402.681,4
台東縣,1.047E+21,255703.835,2511981.496,4
台東縣,1.047E+21,255759.511,2512146.008,4
台東縣,1.047E+21,255852.666,2512051.956,4
台東縣,1.047E+21,255802.251,2512309.774,4
台東縣,1.047E+21,255804.203,2512407.963,4
台東縣,1.047E+21,255750.488,2512454.92,4
台東縣,1.047E+21,255788.677,2512501.401,4
台東縣,1.047E+21,255901.136,2512410.86,4
台東縣,1.047E+21,255971.34,2512363.715,4
台東縣,1.047E+21,255992.144,2512295.328,4
台東縣,1.047E+21,255987.175,2512229.164,4
台東縣,1.047E+21,255919.795,2512078.536,4
台東縣,1.047E+21,255760.577,2512049.364,4
台東縣,1.047E+21,255700.559,2512282.943,4
台東縣,1.047E+21,255841.857,2512496.079,4
台東縣,1.047E+21,256075.438,2512255.34,4
台東縣,1.047E+21,256036.508,2512180.07,4
台東縣,1.047E+21,256033.606,2512079.231,4
台東縣,1.047E+21,256093.689,2511961.174,4
台東縣,1.047E+21,256043.71,2511983.176,4
台東縣,1.047E+21,256279.117,2513314.83,4
台東縣,1.047E+21,256092.577,2511848.806,4
台東縣,1.047E+21,255813.369,2512097.439,4
台東縣,1.047E+21,255499.482,2511863.328,4
台東縣,1.047E+21,255689.809,2511834.89,4
台東縣,1.047E+21,255920.419,2511661.569,4
台東縣,1.047E+21,255838.649,2511575.168,4
台東縣,1.047E+21,255483.057,2511683.218,4
台東縣,1.047E+21,255763.44,2511944.839,4
台東縣,1.047E+21,255749.053,2512238.836,4
台東縣,1.047E+21,255910.64,2511720.748,0
台東縣,1.047E+21,255594.992,2511848.909,4
台東縣,1.047E+21,255702.121,2512093.914,4
台東縣,1.047E+21,255809.392,2512001.789,4
台東縣,1.047E+21,255913.928,2512197.271,4
台東縣,1.047E+21,256061.695,2511894.118,4
台東縣,1.047E+21,255747.929,2512354.893,4
台東縣,1.047E+21,255699.133,2512190.285,4
台東縣,1.047E+21,255926.424,2511942.054,4
台東縣,1.047E+21,255874.844,2512148.2,4
台東縣,1.047E+21,254539.872,2510298.959,4
台東縣,1.047E+21,254478.137,2509347.637,4
台東縣,1.047E+21,254789.806,2510108.363,4
台東縣,1.047E+21,254581.837,2510580.881,4
台東縣,1.047E+21,254728.581,2510330.865,4
台東縣,1.047E+21,254820.596,2509111.068,4
台東縣,1.04601E+21,254247.043,2508421.93,4
台東縣,1.047E+21,254356.814,2510849.639,4
台東縣,1.047E+21,254607.263,2509645.433,4
台東縣,1.047E+21,254660.427,2510208.955,4
台東縣,1.047E+21,254653.073,2510517.895,4
台東縣,1.047E+21,254680.999,2508920.503,4
台東縣,1.047E+21,254378.597,2509014.171,4
台東縣,1.047E+21,254263.234,2508417.855,4
台東縣,1.047E+21,254716.009,2510318.754,4
台東縣,1.047E+21,251781.238,2510242.697,4
台東縣,1.047E+21,252185.613,2510269.661,4
台東縣,1.047E+21,251950.69,2510256.095,4
台東縣,1.04601E+21,248886.567,2497410.927,4
台東縣,1.04601E+21,248828.755,2497309.611,4
台東縣,1.04601E+21,248873.298,2497294.025,4
台東縣,1.04601E+21,249453.439,2498611.511,4
台東縣,1.04601E+21,248835.641,2497479.623,4
台東縣,1.04601E+21,249119.854,2497531.706,4
台東縣,1.04601E+21,249412.719,2498765.223,4
台東縣,1.04601E+21,248917.199,2497278.808,4
台東縣,1.04601E+21,249067.983,2497389.532,4
台東縣,1.04601E+21,249105.918,2498558.673,4
台東縣,1.04601E+21,249464.505,2498485.981,4
台東縣,1.04601E+21,248027.794,2498997.75,4
台東縣,1.04601E+21,247896.249,2499017.784,4
台東縣,1.047E+21,266306.797,2516923.966,4
台東縣,1.047E+21,266214.599,2516670.964,4
台東縣,1.047E+21,266133.29,2516908.602,4
台東縣,1.047E+21,266117.493,2517066.535,4
台東縣,1.047E+21,266063.513,2516829.005,4
台東縣,1.047E+21,266228.418,2516840.55,4
台東縣,1.047E+21,264333.883,2517442.572,4
台東縣,1.047E+21,264265.411,2517550.854,4
台東縣,1.047E+21,264774.304,2517558.564,4
台東縣,1.047E+21,264650.323,2517690.544,4
台東縣,1.047E+21,264132.823,2517458.94,4
台東縣,1.047E+21,264005.802,2517381.435,4
台東縣,1.047E+21,264648.75,2517557.58,4
台東縣,1.047E+21,264650.7,2517438.11,4
台東縣,1.047E+21,264502.83,2517549.08,4
台東縣,1.047E+21,264452.25,2517576.38,4
台東縣,1.047E+21,264559.56,2517495.22,4
台東縣,1.047E+21,264201.201,2517357.982,4
台東縣,1.047E+21,264774.49,2517813.17,4
台東縣,1.047E+21,264773.139,2517687.784,4
台東縣,1.047E+21,264739.73,2517882.2,4
台東縣,1.047E+21,264064.286,2517267.94,4
台東縣,1.047E+21,264475.596,2517724.881,4
台東縣,1.047E+21,264595.785,2517837.153,4
台東縣,1.04501E+21,297968.238,2583682.061,4
台東縣,1.04501E+21,297662.95,2582582.768,4
台東縣,1.04501E+21,297981.128,2583682.685,4
台東縣,1.04501E+21,297623.683,2583904.45,4
台東縣,1.04501E+21,297987.239,2584006.138,4
台東縣,1.047E+21,298209.471,2586386.077,4
台東縣,1.04501E+21,298271.735,2586597.318,4
台東縣,1.04501E+21,298319.882,2586707.363,4
台東縣,1.04501E+21,298571.164,2587577.695,4
台東縣,1.047E+21,298177.588,2586298.613,4
台東縣,1.047E+21,298138.171,2584687.569,4
台東縣,1.04501E+21,298567.292,2587579.038,4
台東縣,1.04501E+21,298739.836,2588192.884,4
台東縣,1.04501E+21,298996.283,2588558.768,4
台東縣,1.04501E+21,297953.566,2583785.376,4
台東縣,1.04501E+21,298875.589,2588397.782,4
台東縣,1.04501E+21,298651.255,2587933,4
台東縣,1.04501E+21,293586.245,2574747.575,4
台東縣,1.04501E+21,293787.964,2575742.534,4
台東縣,1.04501E+21,293886.531,2575875.212,4
台東縣,1.04501E+21,293877.015,2575886.849,4
台東縣,1.04501E+21,294242.454,2576371.577,4
台東縣,1.04501E+21,293279.634,2574575.246,4
台東縣,1.04501E+21,293232.035,2574827.935,4
台東縣,1.04501E+21,293619.449,2575200.235,4
台東縣,1.04501E+21,293925.585,2576037.084,4
台東縣,1.04501E+21,294255.437,2576365.994,4
台東縣,1.04501E+21,294106.655,2577071.721,4
台東縣,1.04501E+21,294230.291,2577117.351,4
台東縣,1.04501E+21,293201.314,2574668.693,4
台東縣,1.04501E+21,293600.44,2574651.893,4
台東縣,1.04501E+21,293721.962,2575560.458,4
台東縣,1.04501E+21,294379.227,2577183.506,4
台東縣,1.04501E+21,293774.463,2575665.52,4
台東縣,1.047E+21,261560.475,2516833.238,4
台東縣,1.047E+21,261675.218,2516989.825,0
台東縣,1.047E+21,261497.653,2517043.431,0
台東縣,1.047E+21,261765.97,2516967.604,0
台東縣,1.047E+21,261986.175,2516828.414,4
台東縣,1.047E+21,261514.153,2516791.508,4
台東縣,1.047E+21,261582.104,2516934.373,4
台東縣,1.047E+21,261886.317,2517005.225,0
台東縣,1.047E+21,262055.666,2517022.507,4
台東縣,1.047E+21,262210.437,2517053.692,4
台東縣,1.047E+21,262148.909,2517277.863,4
台東縣,1.047E+21,261230.526,2516687.066,4
台東縣,1.047E+21,262020.798,2516985.587,0
台東縣,1.047E+21,262615.129,2519970.757,4
台東縣,1.047E+21,263118.782,2520390.905,4
台東縣,1.047E+21,263043.194,2519795.163,4
台東縣,1.047E+21,263128.351,2520820.547,0
台東縣,1.047E+21,262984.418,2520889.097,4
台東縣,1.047E+21,262764.652,2520931.474,4
台東縣,1.047E+21,262779.451,2520913.894,4
台東縣,1.047E+21,262654.491,2519959.608,4
台東縣,1.047E+21,262732.54,2520101.845,4
台東縣,1.047E+21,261960.849,2520477.932,4
台東縣,1.047E+21,261991.3,2520592.446,4
台東縣,1.047E+21,261797.548,2520737.774,4
台東縣,1.047E+21,261839.363,2520555.211,4
台東縣,1.047E+21,262936.535,2519677.155,4
台東縣,1.047E+21,262756.651,2519681.292,4
台東縣,1.047E+21,262630.954,2519764.458,4
台東縣,1.047E+21,262384.937,2519955.548,4
台東縣,1.047E+21,261661.444,2520565.148,4
台東縣,1.047E+21,261883.414,2520384.073,4
台東縣,1.047E+21,261972.481,2520399.296,4
台東縣,1.047E+21,262978.465,2519934.689,4
台東縣,1.047E+21,261851.834,2520571.162,4
台東縣,1.047E+21,262112.26,2520412.17,4
台東縣,1.047E+21,262115.534,2520337.711,4
台東縣,1.047E+21,262280.902,2519852.516,4
台東縣,1.047E+21,262211.991,2520264.522,4
台東縣,1.047E+21,262277.699,2520051.723,4
台東縣,1.047E+21,262379.004,2520353.231,4
台東縣,1.047E+21,262731.939,2519884.618,4
台東縣,1.047E+21,262548.34,2519756.677,4
台東縣,1.047E+21,262452.509,2519827.413,4
台東縣,1.047E+21,262469.18,2519884.093,4
台東縣,1.047E+21,262572.736,2519899.144,4
台東縣,1.047E+21,262699.692,2520947.67,4
台東縣,1.047E+21,262674.985,2521026.659,4
台東縣,1.047E+21,262564.525,2520025.478,4
台東縣,1.047E+21,262676.099,2520029.058,4
台東縣,1.047E+21,262583.658,2520051.826,4
台東縣,1.047E+21,262421.438,2520020.602,4
台東縣,1.047E+21,262421.718,2520135.567,4
台東縣,1.047E+21,262521.986,2520038.921,4
台東縣,1.047E+21,262811.888,2519824.856,4
台東縣,1.047E+21,263005.737,2519627.129,4
台東縣,1.047E+21,262806.126,2519662.178,4
台東縣,1.047E+21,263078.984,2520962.942,4
台東縣,1.047E+21,263096.469,2520727.228,4
台東縣,1.047E+21,263109.763,2520501.713,4
台東縣,1.047E+21,263028.644,2520745.093,4
台東縣,1.047E+21,262984.004,2520994.853,4
台東縣,1.047E+21,262851.9,2520907.221,4
台東縣,1.047E+21,261947.099,2520469.84,4
台東縣,1.047E+21,261890.762,2520550.45,4
台東縣,1.047E+21,261665.482,2520562.817,4
台東縣,1.047E+21,262580.258,2520213.391,4
台東縣,1.047E+21,262781.881,2520077.568,4
台東縣,1.047E+21,262484.646,2520084.218,4
台東縣,1.047E+21,262527.438,2520143.719,4
台東縣,1.047E+21,261936.01,2520640.649,4
台東縣,1.047E+21,262266.923,2520242.68,4
台東縣,1.047E+21,262029.804,2520565.21,4
台東縣,1.047E+21,261880.697,2520682.449,4
台東縣,1.047E+21,261769.665,2520772.076,4
台東縣,1.047E+21,261824.889,2520728.446,4
台東縣,1.047E+21,261801.857,2520734.553,4
台東縣,1.047E+21,262379.829,2520143.342,4
台東縣,1.047E+21,262368.051,2520126.544,4
台東縣,1.047E+21,262541.547,2519840.715,4
台東縣,1.047E+21,262470.253,2520077.101,4
台東縣,1.047E+21,261657.46,2520698.693,4
台東縣,1.047E+21,262914.052,2519966.794,4
台東縣,1.047E+21,262901.416,2519733.002,4
台東縣,1.047E+21,261726.372,2520638.603,4
台東縣,1.047E+21,261726.885,2520501.238,4
台東縣,1.047E+21,262823.536,2519931.184,4
台東縣,1.047E+21,263007,2520031.417,4
台東縣,1.047E+21,263035.083,2520174.181,4
台東縣,1.047E+21,262701.38,2521630.722,4
台東縣,1.047E+21,263237.335,2521119.093,4
台東縣,1.047E+21,263169.657,2521184.489,4
台東縣,1.047E+21,263101.81,2521453.223,0
台東縣,1.047E+21,263114.463,2521615.788,4
台東縣,1.047E+21,263113.128,2521759.709,4
台東縣,1.047E+21,262768.098,2522964.336,4
台東縣,1.047E+21,262953.702,2521737.314,4
台東縣,1.047E+21,262949.06,2521452.191,4
台東縣,1.047E+21,263067.206,2521134.591,4
台東縣,1.047E+21,263007.161,2521109.194,4
台東縣,1.047E+21,262922.02,2521059.993,4
台東縣,1.047E+21,263112.809,2521086.284,0
台東縣,1.047E+21,263310.054,2521855.947,4
台東縣,1.047E+21,262758.046,2523128.996,4
台東縣,1.047E+21,262764.171,2523047.313,4
台東縣,1.047E+21,262772.079,2522751.143,4
台東縣,1.047E+21,262640.69,2521618.414,4
台東縣,1.047E+21,262769.551,2521896.375,4
台東縣,1.047E+21,262795.84,2521111.424,4
台東縣,1.047E+21,262718.031,2521754.156,4
台東縣,1.047E+21,262773.879,2522890.876,4
台東縣,1.047E+21,263093.856,2521336.594,0
台東縣,1.047E+21,262878.331,2521125.19,4
台東縣,1.047E+21,262939.62,2521416.583,4
台東縣,1.047E+21,263054.535,2521294.499,4
台東縣,1.047E+21,263002.963,2521318.81,4
台東縣,1.047E+21,262929.39,2521203.495,4
台東縣,1.047E+21,262878.457,2521305.33,4
台東縣,1.047E+21,263012.072,2521859.412,4
台東縣,1.047E+21,262986.982,2522031.538,4
台東縣,1.047E+21,262857.539,2521879.775,4
台東縣,1.047E+21,262841.812,2521810.561,4
台東縣,1.047E+21,262848.872,2521742.103,4
台東縣,1.047E+21,262826.76,2521641.712,4
台東縣,1.047E+21,262934.649,2521876.896,4
台東縣,1.047E+21,263021.771,2521728.045,4
台東縣,1.047E+21,263031.835,2521591.738,4
台東縣,1.047E+21,262858.14,2521456.84,4
台東縣,1.047E+21,263037.744,2521511.716,4
台東縣,1.047E+21,262813.851,2521315.126,4
台東縣,1.047E+21,263046.011,2521402.764,4
台東縣,1.047E+21,262951.609,2521586.516,4
台東縣,1.047E+21,262846.704,2521606.585,4
台東縣,1.047E+21,263375.169,2521327.727,4
台東縣,1.047E+21,263360.194,2521200.224,4
台東縣,1.047E+21,263316.96,2521806.802,4
台東縣,1.047E+21,263294.969,2521262.007,4
台東縣,1.047E+21,263375.513,2522000.114,4
台東縣,1.047E+21,263199.313,2521504.48,4
台東縣,1.047E+21,263155.948,2521894.41,0
台東縣,1.047E+21,263095.432,2521897.04,4
台東縣,1.047E+21,263026.172,2522019.61,0
台東縣,1.047E+21,262853.482,2521974.425,4
台東縣,1.047E+21,263059.8,2521119.219,4
台東縣,1.047E+21,262782.135,2521153.29,4
台東縣,1.047E+21,263070.994,2521083.167,4
台東縣,1.047E+21,263097.724,2521971.065,4
台東縣,1.047E+21,263430.236,2521390.895,0
台東縣,1.047E+21,263235.174,2521399.027,0
台東縣,1.047E+21,263228.304,2521336.356,4
台東縣,1.047E+21,263256.578,2521937.442,0
台東縣,1.047E+21,263232.325,2521827.878,4
台東縣,1.047E+21,263218.291,2522041.126,4
台東縣,1.047E+21,263005.273,2522238.361,4
台東縣,1.047E+21,263110.133,2523141.357,4
台東縣,1.047E+21,262747.529,2522020.606,4
台東縣,1.047E+21,264403.652,2517345.413,4
台東縣,1.047E+21,264183.591,2516991.432,4
台東縣,1.047E+21,264125.515,2517159.233,4
台東縣,1.047E+21,264332.771,2517113.613,4
台東縣,1.047E+21,264253.032,2517246.296,4
台東縣,1.047E+21,264178.023,2517071.856,4
台東縣,1.047E+21,264321.827,2517009.141,4
台東縣,1.047E+21,264259.274,2517122.664,4
台東縣,1.047E+21,264608.877,2516771.224,4
台東縣,1.047E+21,264532.393,2516771.57,4
台東縣,1.047E+21,264509.793,2516934.202,4
台東縣,1.047E+21,264437.949,2517126.478,4
台東縣,1.047E+21,264473.467,2516816.149,4
台東縣,1.047E+21,264686.71,2516465.225,4
台東縣,1.047E+21,264770.711,2516410.553,4
台東縣,1.047E+21,264810.861,2516719.577,4
台東縣,1.047E+21,265192.509,2516672.618,4
台東縣,1.047E+21,264398.787,2516960.297,4
台東縣,1.047E+21,264561.203,2516649.679,4
台東縣,1.047E+21,264925.598,2516373.057,4
台東縣,1.047E+21,264639.198,2516546.166,4
台東縣,1.047E+21,264571.521,2516697.707,4
台東縣,1.047E+21,264271.436,2516905.877,4
台東縣,1.047E+21,264582.307,2516508.812,4
台東縣,1.047E+21,264235.55,2517166.877,4
台東縣,1.047E+21,266373.938,2517161.53,4
台東縣,1.047E+21,266384.937,2516874.634,4
台東縣,1.047E+21,266241.653,2517035.03,4
台東縣,1.047E+21,266465.417,2517129.847,4
台東縣,1.047E+21,266453.344,2517084.042,4
台東縣,1.047E+21,266414.45,2516917.616,4
台東縣,1.047E+21,266486.334,2517118.204,4
台東縣,1.047E+21,266624.43,2517283.36,4
台東縣,1.047E+21,266202.115,2517162.049,4
台東縣,1.047E+21,266337.469,2516752.58,4
台東縣,1.047E+21,266390.669,2517176.838,4
台東縣,1.047E+21,266578.017,2517232.527,4
台東縣,1.047E+21,266326.595,2516810.966,4
台東縣,1.047E+21,266472.175,2516849.757,4
台東縣,1.047E+21,266344.213,2517321.725,4
台東縣,1.047E+21,266401.17,2517383.644,4
台東縣,1.047E+21,266406.848,2516998.445,4
台東縣,1.04301E+21,269144.495,2548478.391,4
台東縣,1.04301E+21,270362.313,2549336.831,4
台東縣,1.04301E+21,270139.105,2549407.974,4
台東縣,1.04301E+21,270193.261,2549356.907,4
台東縣,1.04301E+21,269775.746,2548825.666,4
台東縣,1.04301E+21,272372.532,2552563.584,4
台東縣,1.04301E+21,272278.953,2552270.621,4
台東縣,1.04301E+21,272211.017,2552042.534,4
台東縣,1.04301E+21,272678.076,2553952.917,4
台東縣,1.04301E+21,272718.315,2553704.918,4
台東縣,1.047E+21,272675.585,2553382.148,4
台東縣,1.04301E+21,272737.91,2554469.581,4
台東縣,1.047E+21,262648.032,2518662.307,4
台東縣,1.047E+21,263148.176,2518600.666,4
台東縣,1.047E+21,263331.958,2518500.487,4
台東縣,1.047E+21,263250.694,2518333.098,4
台東縣,1.047E+21,262884.355,2518708.7,4
台東縣,1.047E+21,263360.175,2518565.065,4
台東縣,1.047E+21,262627.083,2518835.559,4
台東縣,1.047E+21,263358.326,2518628.622,4
台東縣,1.047E+21,262744.486,2518811.044,4
台東縣,1.047E+21,263404.404,2518628.13,4
台東縣,1.047E+21,263282.491,2518627.09,4
台東縣,1.047E+21,263419.19,2518517.214,4
台東縣,1.047E+21,255607.802,2516514.65,4
台東縣,1.047E+21,254984.703,2512793.252,4
台東縣,1.047E+21,254978.544,2513272.875,4
台東縣,1.047E+21,255069.835,2513209.775,4
台東縣,1.047E+21,255129.71,2513166.035,4
台東縣,1.047E+21,255044.544,2512995.921,4
台東縣,1.047E+21,255058.125,2513070.562,4
台東縣,1.047E+21,255004.256,2513110.523,4
台東縣,1.047E+21,255202.313,2513263.887,4
台東縣,1.047E+21,255226.767,2513093.144,4
台東縣,1.047E+21,255203.702,2514208.556,4
台東縣,1.047E+21,255692.368,2516456.329,4
台東縣,1.047E+21,255766.648,2514240.401,4
台東縣,1.047E+21,255841.955,2516123.173,4
台東縣,1.047E+21,255896.283,2515720.729,4
台東縣,1.047E+21,255711.986,2513862.188,4
台東縣,1.047E+21,255801.713,2514386.206,4
台東縣,1.047E+21,255305.127,2513110.159,4
台東縣,1.047E+21,255790.827,2514742.279,4
台東縣,1.047E+21,255807.611,2515067.668,4
台東縣,1.047E+21,255726.088,2513857.015,4
台東縣,1.047E+21,255477.155,2513327.899,4
台東縣,1.047E+21,255632.137,2513617.756,4
台東縣,1.047E+21,255611.668,2513628.369,4
台東縣,1.047E+21,265492.437,2516541.09,4
台東縣,1.047E+21,265070.424,2515898.396,4
台東縣,1.047E+21,265047.606,2515989.816,4
台東縣,1.047E+21,265057.923,2516432.714,4
台東縣,1.047E+21,265578.421,2516635.706,4
台東縣,1.047E+21,265459.216,2516048.237,4
台東縣,1.047E+21,265369.016,2515681.662,4
台東縣,1.047E+21,265269.719,2516443.068,4
台東縣,1.047E+21,265262.279,2516577.222,4
台東縣,1.047E+21,265328.088,2516514.511,4
台東縣,1.047E+21,265619.562,2516425.123,4
台東縣,1.047E+21,265788.913,2516219.563,4
台東縣,1.047E+21,264855.455,2516314.328,4
台東縣,1.047E+21,265516.743,2516507.78,4
台東縣,1.047E+21,265553.86,2516589.73,4
台東縣,1.047E+21,264972.669,2516058.885,0
台東縣,1.047E+21,265569.838,2515905.612,4
台東縣,1.047E+21,265370,2516554.688,4
台東縣,1.047E+21,260294.392,2515323.696,4
台東縣,1.047E+21,260524.469,2514059.659,4
台東縣,1.047E+21,261132.384,2514161.906,4
台東縣,1.047E+21,260957.604,2513861.614,4
台東縣,1.047E+21,261499.89,2513052.991,4
台東縣,1.047E+21,261671.576,2514208.327,4
台東縣,1.047E+21,262026.906,2514411.852,4
台東縣,1.047E+21,262001.916,2513102.775,4
台東縣,1.047E+21,260967.536,2514276.676,4
台東縣,1.047E+21,260388.565,2514835.253,4
台東縣,1.047E+21,261088.907,2514343.911,4
台東縣,1.047E+21,262117.324,2514294.239,4
台東縣,1.047E+21,260494.77,2515165.885,4
台東縣,1.047E+21,261180.283,2513544.059,4
台東縣,1.047E+21,261801.891,2514719.426,4
台東縣,1.047E+21,263968.863,2515981.336,4
台東縣,1.047E+21,264363.809,2515906.995,4
台東縣,1.047E+21,263813.652,2516290.261,4
台東縣,1.047E+21,264328.737,2515743.459,4
台東縣,1.047E+21,263500.713,2516890.883,4
台東縣,1.047E+21,263383.862,2516887.216,4
台東縣,1.047E+21,263453.563,2516989.483,4
台東縣,1.047E+21,263440.675,2516870.776,4
台東縣,1.047E+21,263816.413,2516005.155,4
台東縣,1.047E+21,263855.338,2515934.529,4
台東縣,1.047E+21,263894.479,2516001.307,4
台東縣,1.047E+21,263761.816,2515898.167,4
台東縣,1.047E+21,263747.241,2515989.891,4
台東縣,1.047E+21,263678.059,2515998.978,4
台東縣,1.047E+21,263916.324,2515718.276,4
台東縣,1.047E+21,263896.277,2515762.902,4
台東縣,1.047E+21,263952.313,2516044.786,4
台東縣,1.047E+21,263728.213,2516131.205,4
台東縣,1.047E+21,263663.737,2516217.361,4
台東縣,1.047E+21,264347.821,2515577.461,4
台東縣,1.047E+21,264077.858,2515414.116,4
台東縣,1.047E+21,264376.163,2515755.489,4
台東縣,1.047E+21,264064.393,2516434.373,4
台東縣,1.047E+21,264233.467,2516237.49,4
台東縣,1.047E+21,264286.247,2516100.22,4
台東縣,1.047E+21,264128.709,2516180.576,4
台東縣,1.047E+21,264093.642,2516240.453,4
台東縣,1.047E+21,264004.402,2515879.965,4
台東縣,1.047E+21,264111.911,2515938.028,4
台東縣,1.047E+21,264233.176,2516001.883,4
台東縣,1.047E+21,264659.658,2515904.399,4
台東縣,1.047E+21,264450.223,2515639.619,4
台東縣,1.047E+21,264435.947,2515172.539,4
台東縣,1.047E+21,264742.397,2515762.066,4
台東縣,1.047E+21,264471.318,2516127.098,4
台東縣,1.047E+21,263665.784,2515784.123,4
台東縣,1.047E+21,263675.327,2515871.016,4
台東縣,1.047E+21,263869.315,2515817.569,4
台東縣,1.047E+21,263852.17,2516199.411,4
台東縣,1.047E+21,263816.724,2516112.729,4
台東縣,1.047E+21,264402.789,2516254.072,4
台東縣,1.047E+21,264290.894,2516282.878,4
台東縣,1.047E+21,264191.895,2516428.943,4
台東縣,1.047E+21,264351.426,2516071.675,4
台東縣,1.047E+21,264008.398,2515898.637,4
台東縣,1.047E+21,264199.403,2515682.217,4
台東縣,1.047E+21,264070.526,2515798.106,4
台東縣,1.047E+21,264489.206,2516144.731,4
台東縣,1.047E+21,264559.433,2515868.53,4
台東縣,1.047E+21,264179.373,2516357.271,4
台東縣,1.047E+21,263729.819,2515835.797,4
台東縣,1.047E+21,264325.836,2516050.231,4
台東縣,1.047E+21,264501.187,2516020.893,4
台東縣,1.047E+21,263823.733,2515667.664,4
台東縣,1.047E+21,263885.976,2516152.257,4
台東縣,1.047E+21,263999.872,2515717.688,4
台東縣,1.047E+21,263384.678,2516958.057,4
台東縣,1.047E+21,270664.207,2559903.647,4
台東縣,1.047E+21,270821.231,2559684.13,4
台東縣,1.04301E+21,271531.866,2559047.871,4
台東縣,1.04301E+21,270563.175,2559776.253,4
台東縣,1.047E+21,272348.736,2558614.984,4
台東縣,1.04301E+21,271866.759,2558773.82,4
台東縣,1.047E+21,272102.828,2558568.251,4
台東縣,1.04301E+21,272075.428,2558446.148,4
台東縣,1.04301E+21,270516.786,2559810.665,4
台東縣,1.04301E+21,272169.313,2558612.719,4
台東縣,1.047E+21,270565.889,2559618.203,4
台東縣,1.047E+21,294862.071,2580428.696,4
台東縣,1.047E+21,294930.64,2580410.492,4
台東縣,1.04501E+21,296431.113,2579394.476,0
台東縣,1.04501E+21,295329.311,2578222.72,4
台東縣,1.04501E+21,295617.849,2578602.62,4
台東縣,1.047E+21,296647.567,2579600.805,4
台東縣,1.04501E+21,296604.664,2579504.786,4
台東縣,1.04501E+21,296925.787,2580116.075,4
台東縣,1.04501E+21,295958.208,2578945.963,4
台東縣,1.047E+21,296136.328,2579190.586,4
台東縣,1.047E+21,296214.615,2579239.98,4
台東縣,1.04501E+21,296789.214,2579383.219,4
台東縣,1.047E+21,296521.838,2579440.675,4
台東縣,1.04501E+21,296731.097,2579557.08,4
台東縣,1.04501E+21,297271.125,2580806.764,4
台東縣,1.04501E+21,297282.934,2580849.605,4
台東縣,1.04501E+21,297520.353,2581462.117,4
台東縣,1.04501E+21,295316.707,2578230.391,4
台東縣,1.047E+21,295881.591,2579876.597,4
台東縣,1.04501E+21,297118.706,2580819.99,4
台東縣,1.04501E+21,296669.253,2579467.088,4
台東縣,1.04501E+21,296055.362,2579189.277,4
台東縣,1.04501E+21,296367.488,2579696.525,4
台東縣,1.04501E+21,296738.655,2579303.267,4
台東縣,1.04501E+21,297259.895,2580813.87,4
台東縣,1.04501E+21,299420.323,2590469.029,4
台東縣,1.04501E+21,300265.037,2592448.529,4
台東縣,1.047E+21,299281.684,2589713.132,4
台東縣,1.04501E+21,299361.688,2590163.198,4
台東縣,1.04501E+21,299389.243,2590314.25,4
台東縣,1.04501E+21,299320.728,2590018.681,4
台東縣,1.04501E+21,299556.383,2590779.163,4
台東縣,1.04501E+21,300084.427,2591923.998,4
台東縣,1.04501E+21,300096.943,2591914.97,4
台東縣,1.04501E+21,300225.714,2592363.452,4
台東縣,1.04301E+21,252413.573,2564929.783,4
台東縣,1.04301E+21,265115.269,2549329.323,4
台東縣,1.04301E+21,264612.463,2549006.564,4
台東縣,1.04301E+21,265273.435,2549382.353,4
台東縣,1.047E+21,264680.855,2549280.928,4
台東縣,1.04301E+21,265281.674,2549337.58,4
台東縣,1.04301E+21,268473.649,2555133.409,4
台東縣,1.04301E+21,268098.304,2555336.098,4
台東縣,1.04301E+21,268248.729,2555872.413,4
台東縣,1.04301E+21,268256.777,2555577.318,4
台東縣,1.047E+21,268622.179,2554685.889,4
台東縣,1.04301E+21,268439.671,2555642.766,4
台東縣,1.04301E+21,268271.532,2556376.833,4
台東縣,1.04301E+21,268104.33,2555291.374,0
台東縣,1.04301E+21,268099.432,2555615.198,4
台東縣,1.04301E+21,268324.515,2557062.516,4
台東縣,1.04301E+21,268633.02,2556193.619,4
台東縣,1.04301E+21,267928.059,2554735.763,4
台東縣,1.047E+21,258753.161,2513361.055,4
台東縣,1.047E+21,255527.192,2517186.568,4
台東縣,1.047E+21,255898.585,2512502.214,4
台東縣,1.047E+21,256354.339,2512452.272,4
台東縣,1.047E+21,256054.047,2512500.5,4
台東縣,1.047E+21,256035.739,2512410.603,4
台東縣,1.047E+21,258030.401,2512756.228,4
台東縣,1.047E+21,257703.533,2513668.732,4
台東縣,1.047E+21,258152.377,2512871.779,4
台東縣,1.047E+21,258682.354,2513536.009,4
台東縣,1.047E+21,258663.123,2513577.374,4
台東縣,1.047E+21,258595.3,2513283.917,4
台東縣,1.047E+21,257201.529,2515197.899,4
台東縣,1.047E+21,256697.167,2515795.836,4
台東縣,1.047E+21,256654.501,2515845.533,4
台東縣,1.047E+21,257358.074,2512234.358,4
台東縣,1.047E+21,258559.537,2513176.267,4
台東縣,1.047E+21,257765.324,2514524.921,4
台東縣,1.047E+21,258742.333,2513472.39,4
台東縣,1.047E+21,258571.852,2513392.549,4
台東縣,1.047E+21,258614.878,2513371.599,4
台東縣,1.047E+21,258550.584,2513191.362,4
台東縣,1.047E+21,258315.949,2513004.418,4
台東縣,1.047E+21,257912.863,2512681.63,4
台東縣,1.047E+21,257719.172,2512524.633,4
台東縣,1.047E+21,256431.543,2512803.217,4
台東縣,1.047E+21,258473.563,2511930.828,4
台東縣,1.047E+21,258569.354,2513572.909,4
台東縣,1.047E+21,258513.274,2513457.131,4
台東縣,1.047E+21,255983.621,2512458.34,4
台東縣,1.047E+21,256139.19,2512414.324,4
台東縣,1.047E+21,257860.027,2512619.075,4
台東縣,1.047E+21,258216.337,2512902.859,4
台東縣,1.047E+21,258706.879,2513501.686,4
台東縣,1.047E+21,258565.301,2513260.429,4
台東縣,1.047E+21,256548.948,2513204.505,4
台東縣,1.047E+21,259113.115,2512441.527,4
台東縣,1.047E+21,257171.433,2513385.757,4
台東縣,1.047E+21,256192.396,2512352.383,4
台東縣,1.047E+21,258569.097,2513445.419,4
台東縣,1.047E+21,256110.919,2516504.265,4
台東縣,1.047E+21,257542.801,2514328.094,4
台東縣,1.047E+21,256987.933,2512251.819,4
台東縣,1.047E+21,256065.613,2512354.728,4
台東縣,1.047E+21,256126.9,2516477.321,4
台東縣,1.047E+21,257019.666,2512365.927,4
台東縣,1.047E+21,256969.257,2512476.938,4
台東縣,1.047E+21,254187.835,2511849.438,4
台東縣,1.047E+21,254236.354,2512567.295,4
台東縣,1.047E+21,254813.586,2512616.965,4
台東縣,1.047E+21,254654.748,2512516.139,4
台東縣,1.047E+21,263991.907,2518342.115,4
台東縣,1.047E+21,262901.5,2519415.37,4
台東縣,1.047E+21,263998.376,2517893.563,4
台東縣,1.047E+21,263867.499,2517848.713,4
台東縣,1.047E+21,263861.647,2518257.21,4
台東縣,1.047E+21,263034.295,2519623.197,4
台東縣,1.047E+21,263069.089,2519865.546,4
台東縣,1.047E+21,263109.748,2520194.826,4
台東縣,1.047E+21,263572.834,2519032.96,4
台東縣,1.047E+21,263403.608,2520103.542,0
台東縣,1.047E+21,263737.013,2518401.39,4
台東縣,1.047E+21,263846.813,2518772.581,4
台東縣,1.047E+21,263720.401,2518910.473,4
台東縣,1.047E+21,263900.849,2518695.08,4
台東縣,1.047E+21,263983.315,2518578.18,0
台東縣,1.047E+21,263954.31,2518430.402,4
台東縣,1.047E+21,263824.608,2518338.062,4
台東縣,1.047E+21,263837.735,2518421.052,4
台東縣,1.047E+21,263907.821,2517904.023,4
台東縣,1.047E+21,264103.384,2518486.218,4
台東縣,1.047E+21,264174.195,2518391.359,4
台東縣,1.047E+21,264264.207,2518290.483,4
台東縣,1.047E+21,264164.543,2518258.014,4
台東縣,1.047E+21,264125.141,2518300.469,4
台東縣,1.047E+21,264111.183,2518316.075,4
台東縣,1.047E+21,264045.146,2518390.601,4
台東縣,1.047E+21,264001.77,2518139.791,4
台東縣,1.047E+21,264167.96,2518729.457,4
台東縣,1.047E+21,264393.889,2518901.557,4
台東縣,1.047E+21,264119.556,2519010.15,4
台東縣,1.047E+21,264138.286,2518803.905,4
台東縣,1.047E+21,264221.276,2518789.209,4
台東縣,1.047E+21,264284.609,2518771.472,4
台東縣,1.047E+21,264014.547,2518585.911,4
台東縣,1.047E+21,264265.536,2518280.802,4
台東縣,1.047E+21,264069.219,2518283.437,4
台東縣,1.047E+21,264358.607,2519521.124,0
台東縣,1.047E+21,264100.839,2519430.847,4
台東縣,1.047E+21,263058.051,2519553.801,4
台東縣,1.047E+21,263209.46,2519400.31,4
台東縣,1.047E+21,263293.95,2519314.57,4
台東縣,1.047E+21,263378.9,2519229.13,4
台東縣,1.047E+21,263196.172,2520358.813,0
台東縣,1.047E+21,263926.39,2518137.22,4
台東縣,1.047E+21,263766.21,2518836.82,4
台東縣,1.047E+21,263772.693,2518389.704,4
台東縣,1.047E+21,263955.923,2519811.984,0
台東縣,1.047E+21,263603.179,2519966.865,0
台東縣,1.047E+21,263765.45,2519869.412,0
台東縣,1.047E+21,263873.14,2518209.18,4
台東縣,1.047E+21,263801.42,2518289.07,4
台東縣,1.047E+21,264111.066,2518672.677,4
台東縣,1.047E+21,264035.481,2518766.1,4
台東縣,1.047E+21,264251.29,2518328.15,4
台東縣,1.047E+21,264285.22,2518132.3,4
台東縣,1.047E+21,264172.289,2519684.066,0
台東縣,1.047E+21,263999.79,2519730.935,0
台東縣,1.047E+21,264165.398,2519632.77,0
台東縣,1.047E+21,264511.81,2519482.995,0
台東縣,1.047E+21,264619.23,2519334.299,0
台東縣,1.047E+21,264420.86,2518773.326,4
台東縣,1.047E+21,264415.225,2518593.873,4
台東縣,1.047E+21,264212.992,2518190.666,4
台東縣,1.047E+21,263939.36,2518476.599,4
台東縣,1.047E+21,263047.963,2519550.055,4
台東縣,1.047E+21,264278.653,2518121.02,4
台東縣,1.047E+21,263662.69,2518941.82,4
台東縣,1.047E+21,264173.892,2518901.165,4
台東縣,1.047E+21,264223.417,2518661.125,4
台東縣,1.047E+21,263716.126,2518486.796,4
台東縣,1.047E+21,263588.329,2519413.751,4
台東縣,1.047E+21,263326.8,2519298.23,4
台東縣,1.047E+21,263435.738,2520136.206,0
台東縣,1.047E+21,263148.498,2520368.407,0
台東縣,1.047E+21,263949.278,2518306.015,4
台東縣,1.047E+21,264086.432,2518163.565,4
台東縣,1.047E+21,264183.713,2518204.667,4
台東縣,1.047E+21,264014.536,2518047.503,4
台東縣,1.047E+21,264337.011,2518658.523,4
台東縣,1.047E+21,263146.382,2519479.984,4
台東縣,1.047E+21,263167.752,2520165.45,4
台東縣,1.047E+21,263146.838,2520011.396,4
台東縣,1.047E+21,261693.977,2517888.659,4
台東縣,1.047E+21,259690.843,2517896.778,0
台東縣,1.047E+21,259848.998,2517235.515,4
台東縣,1.047E+21,260052.621,2517532.948,4
台東縣,1.047E+21,260029.018,2517175.62,4
台東縣,1.047E+21,260143.348,2518120.798,4
台東縣,1.047E+21,260127.965,2517989.425,4
台東縣,1.047E+21,260105.292,2517848.705,4
台東縣,1.047E+21,260667.563,2516752.768,4
台東縣,1.047E+21,260094.548,2517672.005,4
台東縣,1.047E+21,260075.922,2517675.135,4
台東縣,1.047E+21,261196.162,2517172.604,0
台東縣,1.047E+21,260997.247,2517010.133,4
台東縣,1.047E+21,261116.318,2516808.096,4
台東縣,1.047E+21,260983.146,2516796.731,4
台東縣,1.047E+21,260826.531,2516707.499,4
台東縣,1.047E+21,261091.108,2518589.872,4
台東縣,1.047E+21,261304.223,2517147.906,0
台東縣,1.047E+21,261395.297,2517067.679,0
台東縣,1.047E+21,261456.364,2517116.784,4
台東縣,1.047E+21,261648.185,2518486.015,4
台東縣,1.047E+21,261346.367,2516928.463,4
台東縣,1.047E+21,261184.56,2516966.801,4
台東縣,1.047E+21,260130.792,2518255.625,4
台東縣,1.047E+21,260107.72,2518476.402,4
台東縣,1.047E+21,266169.754,2517386.756,4
台東縣,1.047E+21,266295.84,2517536.428,4
台東縣,1.047E+21,266113.573,2517237.913,4
台東縣,1.047E+21,266199.323,2517311.825,4
台東縣,1.047E+21,266434.937,2517467.88,4
台東縣,1.047E+21,266422.295,2517455.191,0
台東縣,1.047E+21,266261.561,2517258.15,4
台東縣,1.047E+21,266044.701,2517160.068,4
台東縣,1.047E+21,266473.41,2517489.48,4
台東縣,1.047E+21,266324.781,2517562.93,4
台東縣,1.047E+21,269318.93,2521479.242,4
台東縣,1.047E+21,269734.786,2521396.325,4
台東縣,1.047E+21,269634.016,2521258.22,4
台東縣,1.047E+21,269726.355,2521421.476,4
台東縣,1.047E+21,269820.664,2521276.105,4
台東縣,1.047E+21,269722.482,2521520.1,4
台東縣,1.047E+21,266424.687,2520441.545,4
台東縣,1.047E+21,266500.945,2520275.963,4
台東縣,1.047E+21,266375.069,2520282.133,4
台東縣,1.047E+21,265418.153,2521119.113,4
台東縣,1.047E+21,266371.761,2520345.713,4
台東縣,1.047E+21,266412.833,2520187.493,4
台東縣,1.047E+21,266454.913,2520380.073,4
台東縣,1.047E+21,266402.102,2520233.27,4
台東縣,1.047E+21,267144.737,2520877.815,4
台東縣,1.047E+21,266586.812,2520706.747,4
台東縣,1.047E+21,268844.049,2520922.892,4
台東縣,1.047E+21,268297.099,2519918.028,4
台東縣,1.047E+21,269210.632,2521404.093,4
台東縣,1.047E+21,269275.17,2521342.766,4
台東縣,1.047E+21,269158.067,2521324.758,4
台東縣,1.047E+21,268985.037,2521167.445,4
台東縣,1.047E+21,266075.659,2516657.392,4
台東縣,1.047E+21,266129.563,2516612.419,4
台東縣,1.047E+21,266073.044,2516467.886,4
台東縣,1.047E+21,265888.768,2516629.097,4
台東縣,1.047E+21,265843.705,2516767.566,4
台東縣,1.047E+21,265713.174,2516779.316,4
台東縣,1.047E+21,265979.37,2516744.63,4
台東縣,1.047E+21,265760.462,2516839.093,4
台東縣,1.047E+21,265817.29,2516888.27,4
台東縣,1.047E+21,265817.486,2516548.735,4
台東縣,1.047E+21,265786.28,2516691.738,4
台東縣,1.047E+21,265723.01,2516633.22,4
台東縣,1.047E+21,265695.11,2516770.329,4
台東縣,1.047E+21,265640.693,2516705.26,4
台東縣,1.047E+21,265943.13,2516554.03,4
台東縣,1.047E+21,264678.517,2518296.842,0
台東縣,1.047E+21,264597.134,2518785.322,4
台東縣,1.047E+21,264707.254,2518333.272,4
台東縣,1.047E+21,264711.687,2518261.243,4
台東縣,1.047E+21,264433.894,2518358.486,0
台東縣,1.047E+21,264540.962,2518423.639,4
台東縣,1.047E+21,264417.242,2518536.884,4
台東縣,1.047E+21,264495.422,2518485.494,4
台東縣,1.047E+21,264599.651,2518478.841,4
台東縣,1.047E+21,264714.274,2518480.674,4
台東縣,1.047E+21,264782.245,2518492.55,4
台東縣,1.047E+21,264480.718,2518608.196,4
台東縣,1.047E+21,264602.195,2518592.096,4
台東縣,1.047E+21,264712.997,2518545.249,4
台東縣,1.047E+21,264713.983,2518668.199,4
台東縣,1.047E+21,264600.259,2518673.755,4
台東縣,1.047E+21,264599.162,2518731.364,4
台東縣,1.047E+21,264714.19,2518837.944,4
台東縣,1.047E+21,265187.363,2518119.821,4
台東縣,1.047E+21,265266.292,2518485.214,4
台東縣,1.047E+21,264912.761,2518259.411,4
台東縣,1.047E+21,265044.509,2518263.519,4
台東縣,1.047E+21,265183.523,2518260.954,4
台東縣,1.047E+21,265180.272,2518190.554,4
台東縣,1.047E+21,265055.049,2518189.172,4
台東縣,1.047E+21,264916.087,2518187.857,4
台東縣,1.047E+21,265043.584,2518112.903,4
台東縣,1.047E+21,264914.851,2518427.665,4
台東縣,1.047E+21,265060.353,2518344.861,0
台東縣,1.047E+21,265045.619,2518484.946,4
台東縣,1.047E+21,265151.182,2518494.991,4
台東縣,1.047E+21,265164.426,2518606.228,4
台東縣,1.047E+21,264842.851,2518546.981,4
台東縣,1.047E+21,264913.501,2518590.373,4
台東縣,1.047E+21,265198.247,2518640.07,0
台東縣,1.047E+21,264987.05,2518546.778,4
台東縣,1.047E+21,265058.707,2518711.145,0
台東縣,1.047E+21,264890.976,2518905.653,4
台東縣,1.047E+21,264997.559,2518929.416,0
台東縣,1.047E+21,264939.017,2518923.828,0
台東縣,1.047E+21,265317.773,2518428.942,4
台東縣,1.047E+21,265319.05,2518169.021,4
台東縣,1.047E+21,265204.921,2518698.537,0
台東縣,1.047E+21,264375.59,2518188.12,4
台東縣,1.047E+21,264410.352,2518482.846,4
台東縣,1.047E+21,264471.786,2518721.768,4
台東縣,1.047E+21,264984.975,2518483.58,4
台東縣,1.047E+21,264802.14,2519136.502,0
台東縣,1.047E+21,265309.96,2518366.956,0
台東縣,1.047E+21,265259.454,2518636.86,0
台東縣,1.047E+21,264769.614,2518775.343,4
台東縣,1.047E+21,264790.801,2518374.156,4
台東縣,1.047E+21,265044.072,2518606.601,4
台東縣,1.047E+21,264779.048,2518608.828,4
台東縣,1.047E+21,265073.28,2518775.304,0
台東縣,1.047E+21,264775.331,2519093.389,4
台東縣,1.047E+21,264509.856,2518840.207,4
台東縣,1.047E+21,265015.368,2518678.995,4
台東縣,1.047E+21,260615.061,2519509.38,4
台東縣,1.047E+21,260533.191,2519371.888,4
台東縣,1.047E+21,260675.191,2519167.417,4
台東縣,1.047E+21,258820.723,2519143.56,4
台東縣,1.047E+21,259196.631,2519311.796,4
台東縣,1.047E+21,260498.839,2519236.536,4
台東縣,1.047E+21,260228.654,2519339.372,4
台東縣,1.047E+21,259314.288,2517978.554,4
台東縣,1.047E+21,260467.843,2519496.762,4
台東縣,1.047E+21,259086.943,2519015.366,4
台東縣,1.047E+21,260324.415,2519432.949,4
台東縣,1.047E+21,259578.146,2517700.848,0
台東縣,1.047E+21,258616.257,2519282.693,4
台東縣,1.047E+21,259357.217,2519323.402,4
台東縣,1.047E+21,259843.426,2518764.209,4
台東縣,1.047E+21,260072.215,2518702.51,4
台東縣,1.047E+21,260260.684,2518779.932,4
台東縣,1.047E+21,260316.725,2519030.218,4
台東縣,1.047E+21,260111.743,2518884.826,4
台東縣,1.047E+21,260326.173,2519100.337,4
台東縣,1.047E+21,260118.726,2518966.83,4
台東縣,1.047E+21,260612.49,2519029.272,4
台東縣,1.047E+21,260428.916,2518901.331,4
台東縣,1.047E+21,260352.187,2518926.37,4
台東縣,1.047E+21,260151.091,2519070.233,4
台東縣,1.047E+21,260288.664,2518917.316,4
台東縣,1.047E+21,260280.034,2518852.48,4
台東縣,1.047E+21,260718.818,2519347.793,4
台東縣,1.047E+21,260517.26,2518947.458,4
台東縣,1.047E+21,260762.482,2519513.535,4
台東縣,1.047E+21,260516.58,2519052.419,4
台東縣,1.047E+21,260426.484,2519079.309,4
台東縣,1.047E+21,260756.856,2519252.312,4
台東縣,1.047E+21,260639.774,2519368.219,4
台東縣,1.047E+21,260589.075,2519171.299,4
台東縣,1.047E+21,260891.828,2519441.874,4
台東縣,1.047E+21,259195.943,2519005.738,4
台東縣,1.047E+21,260191.501,2518695.151,4
台東縣,1.047E+21,260161.385,2519172.039,4
台東縣,1.047E+21,260215.921,2519223.58,4
台東縣,1.047E+21,259843.395,2519284.065,4
台東縣,1.047E+21,259577.483,2519319.947,4
台東縣,1.047E+21,260552.975,2519434.112,4
台東縣,1.047E+21,258454.22,2519223.164,4
台東縣,1.047E+21,260226.682,2518947.713,4
台東縣,1.047E+21,260168.145,2519150.948,4
台東縣,1.047E+21,262122.8,2518885.428,4
台東縣,1.047E+21,260796.591,2518749.513,4
台東縣,1.047E+21,260532.801,2518690.299,4
台東縣,1.047E+21,260642.541,2518755.986,4
台東縣,1.047E+21,260599.071,2518871.429,4
台東縣,1.047E+21,260445.513,2518834.602,4
台東縣,1.047E+21,261006.176,2519169.931,4
台東縣,1.047E+21,261107.43,2518613.598,4
台東縣,1.047E+21,261184.568,2518765.991,4
台東縣,1.047E+21,260867.096,2518982.021,4
台東縣,1.047E+21,260900.042,2519058.557,0
台東縣,1.047E+21,261128.752,2519135.682,4
台東縣,1.047E+21,261439.41,2518711.987,4
台東縣,1.047E+21,261905.133,2518816.319,4
台東縣,1.047E+21,261655.072,2518511.072,4
台東縣,1.047E+21,262037.353,2518580.358,4
台東縣,1.047E+21,262419.094,2518768.985,4
台東縣,1.047E+21,261720.389,2518873.37,4
台東縣,1.047E+21,260722.962,2518859.291,4
台東縣,1.047E+21,260296.602,2518721.336,4
台東縣,1.047E+21,262278.419,2518830.612,4
台東縣,1.047E+21,262435.789,2518693.841,4
台東縣,1.047E+21,260695.478,2519028.028,4
台東縣,1.047E+21,261272.954,2518960.307,4
台東縣,1.047E+21,260595.23,2518950.16,4
台東縣,1.04301E+21,267804.001,2558606.212,4
台東縣,1.04301E+21,267765.564,2558611.821,4
台東縣,1.04301E+21,268489.306,2558787.904,4
台東縣,1.04301E+21,268000.703,2558551.603,4
台東縣,1.04301E+21,268103.065,2558821.283,4
台東縣,1.04301E+21,268039.726,2558817.693,4
台東縣,1.04301E+21,268081.334,2558854.913,4
台東縣,1.047E+21,262958.419,2515329.867,4
台東縣,1.047E+21,263111.604,2516082.064,4
台東縣,1.047E+21,263134.971,2515674.484,4
台東縣,1.047E+21,263306.17,2515949.808,4
台東縣,1.047E+21,263642.376,2515547.122,4
台東縣,1.047E+21,263701.159,2515591.835,4
台東縣,1.047E+21,264245.281,2515283.605,4
台東縣,1.047E+21,264304.387,2515106.13,4
台東縣,1.047E+21,263402.421,2515846.336,4
台東縣,1.047E+21,263693.509,2515716.735,4
台東縣,1.047E+21,263019.359,2515370.212,4
台東縣,1.047E+21,262820.012,2515264.884,4
台東縣,1.047E+21,263500.255,2515194.771,4
台東縣,1.047E+21,263587.601,2515669.731,4
台東縣,1.047E+21,263047.926,2515451.575,4
台東縣,1.047E+21,257994.145,2519342.508,4
台東縣,1.047E+21,258165.813,2519116.848,4
台東縣,1.047E+21,257843.046,2518363.088,4
台東縣,1.047E+21,257999.253,2519176.743,4
台東縣,1.047E+21,258091.218,2519224.078,4
台東縣,1.047E+21,256723.441,2517990.034,4
台東縣,1.047E+21,256851.587,2517945.441,4
台東縣,1.047E+21,265304.115,2517008.338,4
台東縣,1.047E+21,265488.772,2516825.841,4
台東縣,1.047E+21,265402.23,2516829.04,4
台東縣,1.047E+21,265558.791,2516777.256,4
台東縣,1.047E+21,265615.919,2516839.534,4
台東縣,1.047E+21,265443.52,2516879.764,4
台東縣,1.047E+21,308295.938,2440080.503,4
台東縣,1.047E+21,308228.156,2440110.888,4
台東縣,1.047E+21,308217.757,2440071.963,4
台東縣,1.047E+21,308253.704,2440055.851,4
台東縣,1.047E+21,308294.176,2440036.601,4
台東縣,1.047E+21,308348.235,2440011.514,4
台東縣,1.047E+21,308501.362,2437937.613,4
台東縣,1.047E+21,308647.909,2437835.052,4
台東縣,1.047E+21,308526.618,2441444.652,4
台東縣,1.04301E+21,264359.28,2536551.385,4
台東縣,1.04301E+21,262372.839,2534797.716,4
台東縣,1.04301E+21,261901.788,2535159.003,4
台東縣,1.04301E+21,262212.334,2536881.165,4
台東縣,1.04301E+21,262068.531,2535387.177,4
台東縣,1.047E+21,262111.463,2536291.686,4
台東縣,1.04301E+21,263162.612,2536677.172,4
台東縣,1.04301E+21,263337.937,2536961.202,4
台東縣,1.04301E+21,263292.953,2537072.052,4
台東縣,1.04301E+21,263053.091,2536823.229,4
台東縣,1.04301E+21,263139.131,2536864.817,4
台東縣,1.04301E+21,263006.753,2536886.388,4
台東縣,1.04301E+21,263442.483,2539966.911,4
台東縣,1.04301E+21,262617.495,2536815.228,4
台東縣,1.04301E+21,263111.665,2539416.447,4
台東縣,1.04301E+21,264249.99,2536419.399,4
台東縣,1.04301E+21,264122.663,2536582.295,4
台東縣,1.04301E+21,263921.965,2536592.197,4
台東縣,1.04301E+21,263994.969,2536742.595,4
台東縣,1.04301E+21,264657.619,2537497.666,4
台東縣,1.047E+21,264472.423,2537560.049,4
台東縣,1.04301E+21,262190.222,2536709.146,4
台東縣,1.04301E+21,264118.427,2538734.67,4
台東縣,1.04301E+21,262783.431,2535898.169,4
台東縣,1.04301E+21,263232.033,2536708.517,4
台東縣,1.04301E+21,264609.054,2537789.261,4
台東縣,1.04301E+21,261892.601,2535274.434,4
台東縣,1.04301E+21,262222.08,2536885.678,4
台東縣,1.047E+21,262731.214,2516212.151,4
台東縣,1.047E+21,263760.797,2516389.974,4
台東縣,1.047E+21,262715.269,2517027.561,4
台東縣,1.047E+21,262520.755,2517171.538,4
台東縣,1.047E+21,262680.457,2517568.783,4
台東縣,1.047E+21,262484.307,2518201.743,4
台東縣,1.047E+21,263051.14,2517365.022,4
台東縣,1.047E+21,263089.083,2517489.67,4
台東縣,1.047E+21,263136.58,2517626.156,4
台東縣,1.047E+21,263185.018,2517767.788,4
台東縣,1.047E+21,262870.393,2518082.852,4
台東縣,1.047E+21,262806.64,2518136.649,4
台東縣,1.047E+21,262834.229,2518176.823,4
台東縣,1.047E+21,263574.29,2517222.43,4
台東縣,1.047E+21,263595.014,2517336.106,4
台東縣,1.047E+21,263517.428,2517425.405,4
台東縣,1.047E+21,263448.429,2517283.389,4
台東縣,1.047E+21,263519.644,2517268.051,4
台東縣,1.047E+21,263547.793,2516831.434,4
台東縣,1.047E+21,263383.793,2517042.63,4
台東縣,1.047E+21,263451.34,2517088.843,4
台東縣,1.047E+21,263428.897,2517775.254,4
台東縣,1.047E+21,263816.587,2517051.801,4
台東縣,1.047E+21,263867.314,2517073.174,4
台東縣,1.047E+21,263797.916,2517167.075,4
台東縣,1.047E+21,263732.699,2517289.095,4
台東縣,1.047E+21,263676.5,2517176.723,4
台東縣,1.047E+21,263627.195,2517102.278,4
台東縣,1.047E+21,263636.072,2517280.283,4
台東縣,1.047E+21,263738.093,2516830.223,4
台東縣,1.047E+21,263663.224,2516898.165,4
台東縣,1.047E+21,263614.311,2516812.342,4
台東縣,1.047E+21,263953.241,2516841.605,4
台東縣,1.047E+21,264019.495,2516743.765,4
台東縣,1.047E+21,264079.378,2516652.633,4
台東縣,1.047E+21,263510.353,2517166.422,4
台東縣,1.047E+21,263914.1,2517035.84,4
台東縣,1.047E+21,263723.068,2517041.726,4
台東縣,1.047E+21,263918.238,2516671.995,4
台東縣,1.047E+21,263712.256,2516514.804,4
台東縣,1.047E+21,264039.297,2516557.346,4
台東縣,1.047E+21,263661.234,2517551.068,4
台東縣,1.047E+21,263917.353,2516479.275,4
台東縣,1.047E+21,262775.638,2517820.415,4
台東縣,1.047E+21,262971.27,2518291.97,4
台東縣,1.047E+21,263383.472,2517142.896,4
台東縣,1.047E+21,263829.737,2516662.203,4
台東縣,1.047E+21,264005.18,2516604.214,4
台東縣,1.047E+21,265554.383,2518023.91,0
台東縣,1.047E+21,265433.96,2518113.218,4
台東縣,1.047E+21,265599.361,2518251.5,4
台東縣,1.047E+21,265643.464,2518018.436,4
台東縣,1.047E+21,265730.468,2517936.117,4
台東縣,1.047E+21,265766.271,2518220.168,4
台東縣,1.047E+21,265566.234,2518391.344,4
台東縣,1.047E+21,265346.142,2518501.978,0
台東縣,1.047E+21,265452.833,2518501.596,0
台東縣,1.047E+21,265578.295,2518397.499,0
台東縣,1.047E+21,265466.936,2518444.858,0
台東縣,1.047E+21,265810.645,2518015.872,4
台東縣,1.047E+21,265897.066,2518263.377,0
台東縣,1.047E+21,265777.11,2518290.32,0
台東縣,1.047E+21,265927.54,2518193.12,0
台東縣,1.047E+21,265674.191,2518397.617,0
台東縣,1.047E+21,265657.701,2518094.194,4
台東縣,1.047E+21,265582.354,2518123.632,4
台東縣,1.047E+21,265353.819,2516652.819,4
台東縣,1.047E+21,265331.083,2516904.799,4
台東縣,1.047E+21,265502.489,2516717.981,4
台東縣,1.047E+21,265410.63,2516734.98,4
台東縣,1.047E+21,265217.451,2516778.961,4
台東縣,1.047E+21,265299.55,2516707.914,4
台東縣,1.047E+21,265349.593,2516665.698,4
台東縣,1.047E+21,265445.679,2516768.564,4
台東縣,1.047E+21,265452.54,2516679.18,4
台東縣,1.047E+21,265279.6,2516829.56,4
台東縣,1.047E+21,265314.71,2516810.5,4
台東縣,1.04301E+21,273654.707,2558762.024,4
台東縣,1.04301E+21,273647.136,2558461.892,4
台東縣,1.04301E+21,273587.569,2558347.767,4
台東縣,1.04301E+21,273601.608,2558606.104,4
台東縣,1.04301E+21,273726.776,2557849.676,4
台東縣,1.04301E+21,273788.149,2557900.738,4
台東縣,1.04301E+21,273835.747,2557828.816,4
台東縣,1.04301E+21,273579.22,2558218.815,4
台東縣,1.04301E+21,273684.9,2557690.644,4
台東縣,1.04301E+21,273531.442,2557854.193,4
台東縣,1.04301E+21,273747.355,2557765.201,4
台東縣,1.04501E+21,285345.286,2551164.001,4
台東縣,1.04501E+21,285602.053,2551650.735,4
台東縣,1.04501E+21,285825.882,2552155.42,4
台東縣,1.047E+21,285103.802,2550693.34,4
台東縣,1.04501E+21,286092.053,2552750.787,4
台東縣,1.04501E+21,286211.705,2552590.78,4
台東縣,1.04501E+21,285166.955,2549878.547,4
台東縣,1.04501E+21,282407.215,2544064.542,4
台東縣,1.04501E+21,283888.283,2547155.806,4
台東縣,1.04501E+21,284208.393,2547674.602,4
台東縣,1.04501E+21,283156.21,2545177.272,4
台東縣,1.04501E+21,284568.344,2548405.763,4
台東縣,1.04501E+21,285210.951,2549864.19,4
台東縣,1.04501E+21,283880.917,2547558.543,4
台東縣,1.04501E+21,283911.789,2547450.955,4
台東縣,1.04501E+21,284024.57,2547390.294,4
台東縣,1.04501E+21,283831.643,2547042.987,4
台東縣,1.04501E+21,283966.09,2547282.071,4
台東縣,1.04501E+21,284042.788,2547377.872,4
台東縣,1.04501E+21,282015.601,2542967.925,4
台東縣,1.04501E+21,284075.761,2547458.902,4
台東縣,1.04501E+21,284738.918,2549954.095,4
台東縣,1.04501E+21,283586.973,2546491.147,4
台東縣,1.04501E+21,282161.962,2543440.268,4
台東縣,1.047E+21,281533.071,2541743.944,4
台東縣,1.04501E+21,283167.012,2545263.896,4
台東縣,1.04501E+21,283819.775,2547052.817,4
台東縣,1.047E+21,283793.798,2547403.662,4
台東縣,1.04501E+21,290551.972,2565596.449,4
台東縣,1.04501E+21,290447.047,2565702.956,4
台東縣,1.04501E+21,290708.274,2567414.522,4
台東縣,1.04501E+21,290892.043,2567507.695,4
台東縣,1.04501E+21,291021.814,2567640.393,4
台東縣,1.047E+21,272790.889,2555842.262,4
台東縣,1.047E+21,272689.133,2555901.96,4
台東縣,1.04301E+21,272730.585,2555690.239,4
台東縣,1.047E+21,258763.733,2519624.869,4
台東縣,1.047E+21,257727.598,2521146.757,4
台東縣,1.047E+21,259219.434,2520438.072,4
台東縣,1.047E+21,259439.063,2520724.747,4
台東縣,1.047E+21,258677.468,2520370.357,4
台東縣,1.047E+21,259125.299,2520743.438,4
台東縣,1.047E+21,258907.662,2520644.094,4
台東縣,1.047E+21,258070.192,2520823.006,4
台東縣,1.047E+21,257999.364,2520924.197,4
台東縣,1.047E+21,259492.893,2520785.9,0
台東縣,1.047E+21,259037.702,2520233.813,4
台東縣,1.047E+21,258922.343,2520164.75,4
台東縣,1.047E+21,259271.493,2519507.954,4
台東縣,1.047E+21,259252.017,2519547.978,4
台東縣,1.047E+21,258711.71,2521059.127,4
台東縣,1.047E+21,258437.147,2520814.497,4
台東縣,1.047E+21,258496.35,2520767.289,4
台東縣,1.047E+21,258550.832,2520721.526,4
台東縣,1.047E+21,258667.22,2520721.214,4
台東縣,1.047E+21,259006.868,2519993.409,4
台東縣,1.047E+21,259192.481,2519681.35,4
台東縣,1.047E+21,258507.156,2520506.58,4
台東縣,1.047E+21,258677.459,2519388.651,4
台東縣,1.047E+21,258762.611,2520295.741,4
台東縣,1.047E+21,259793.343,2520726.008,4
台東縣,1.047E+21,259121.632,2519784.189,4
台東縣,1.047E+21,259265.485,2519809.82,4
台東縣,1.047E+21,259356.062,2519361.013,4
台東縣,1.047E+21,259227.668,2519614.851,4
台東縣,1.047E+21,259360.261,2519579.022,4
台東縣,1.047E+21,259286.301,2519500.754,4
台東縣,1.047E+21,259347.538,2521635.902,4
台東縣,1.047E+21,258814.343,2519846.939,4
台東縣,1.047E+21,260532.908,2519868.08,0
台東縣,1.047E+21,260999.621,2519577.323,4
台東縣,1.047E+21,265227.628,2526331.975,4
台東縣,1.047E+21,264106.652,2526290.959,4
台東縣,1.047E+21,265473.58,2521201.201,4
台東縣,1.047E+21,265455.453,2526946.658,4
台東縣,1.04301E+21,259685.157,2532622.08,4
台東縣,1.04301E+21,258735.311,2533472.683,4
台東縣,1.047E+21,260348.257,2533137.894,4
台東縣,1.04301E+21,258815.083,2533065.516,4
台東縣,1.04301E+21,258980.236,2532949.857,4
台東縣,1.04301E+21,259775.74,2532691.683,4
台東縣,1.04301E+21,258879.052,2533450.099,4
台東縣,1.04301E+21,264040.538,2534601.343,4
台東縣,1.04301E+21,263967.229,2534443.936,4
台東縣,1.047E+21,264188.543,2532377.554,4
台東縣,1.04301E+21,264458.738,2532275.115,4
台東縣,1.04301E+21,264429.455,2535526.759,4
台東縣,1.04301E+21,259772.689,2532929.421,4
台東縣,1.04301E+21,264123.696,2535006.413,4
台東縣,1.04301E+21,259755.023,2532790.818,4
台東縣,1.04301E+21,263980.444,2534782.135,4
台東縣,1.04301E+21,258868.261,2533104.477,4
台東縣,1.047E+21,263917.748,2532467.285,4
台東縣,1.04301E+21,262075.55,2540906.412,4
台東縣,1.04301E+21,261870.009,2540851.132,4
台東縣,1.04301E+21,261752.837,2540786.051,4
台東縣,1.04301E+21,261748.757,2540641.832,4
台東縣,1.04301E+21,261625.515,2540622.798,4
台東縣,1.04301E+21,261976.639,2540791.343,4
台東縣,1.04301E+21,256460.746,2532398.715,4
台東縣,1.04301E+21,256489.939,2532511.004,4
台東縣,1.04301E+21,256899.746,2533200.7,4
台東縣,1.047E+21,256439.529,2532563.244,4
台東縣,1.04301E+21,256361.537,2532505.081,4
台東縣,1.04301E+21,256828.647,2533117.257,4
台東縣,1.04301E+21,265961.156,2543269.546,4
台東縣,1.04301E+21,265827.745,2542308.875,4
台東縣,1.04301E+21,266170.656,2541393.829,4
台東縣,1.04301E+21,266038.847,2541748.725,4
台東縣,1.047E+21,266093.812,2541746.203,4
台東縣,1.04301E+21,266112.203,2541663.401,4
台東縣,1.04301E+21,265947.337,2542549.394,4
台東縣,1.04301E+21,265907.146,2542675.614,4
台東縣,1.04301E+21,265947.865,2542481.773,4
台東縣,1.04301E+21,265866.349,2542496.084,4
台東縣,1.04301E+21,266055.791,2543257.527,4
台東縣,1.04301E+21,265956.531,2542858.457,4
台東縣,1.04301E+21,265363.05,2542720.147,4
台東縣,1.04301E+21,265774.72,2542424.361,4
台東縣,1.04301E+21,267490.06,2538317.433,4
台東縣,1.04301E+21,265765.017,2539192.225,4
台東縣,1.047E+21,266131.413,2538917.753,4
台東縣,1.04301E+21,265816.516,2539402.164,4
台東縣,1.047E+21,266172.114,2539086.642,4
台東縣,1.04301E+21,265708.628,2537839.67,4
台東縣,1.04301E+21,266104.835,2538884.273,4
台東縣,1.04301E+21,265433.788,2539613.332,4
台東縣,1.04301E+21,264844.841,2540829.174,4
台東縣,1.04301E+21,266178.084,2539334.401,4
台東縣,1.047E+21,266239.153,2539313.4,4
台東縣,1.047E+21,266258.207,2539428.679,4
台東縣,1.04301E+21,266138.31,2539439.403,4
台東縣,1.04301E+21,266048.689,2539615.305,4
台東縣,1.04301E+21,265830.416,2539711.522,4
台東縣,1.04301E+21,265790.286,2539596.467,4
台東縣,1.04301E+21,265838.687,2539553.154,4
台東縣,1.04301E+21,266062.022,2539366.034,4
台東縣,1.047E+21,266206.735,2539203.705,4
台東縣,1.04301E+21,266194.952,2539698.881,4
台東縣,1.04301E+21,264891.724,2540312.986,4
台東縣,1.04301E+21,266003.194,2539492.752,4
台東縣,1.04301E+21,266191.587,2539849.769,4
台東縣,1.04301E+21,265909.398,2539385.579,4
台東縣,1.04301E+21,266202.007,2539546.225,4
台東縣,1.04301E+21,266194.487,2539959.69,4
台東縣,1.047E+21,256424.363,2519380.297,4
台東縣,1.047E+21,256808.734,2519834.938,4
台東縣,1.047E+21,256823.088,2519416.503,4
台東縣,1.047E+21,256343.85,2519200.851,4
台東縣,1.047E+21,256424.434,2519247.472,4
台東縣,1.047E+21,256667.806,2519394.374,4
台東縣,1.047E+21,256727.892,2519532.876,4
台東縣,1.047E+21,257187.205,2519375.817,4
台東縣,1.047E+21,256569.655,2519451.246,4
台東縣,1.047E+21,256546.077,2519385.557,4
台東縣,1.047E+21,256493.843,2519288.962,4
台東縣,1.047E+21,256439.545,2519151.13,4
台東縣,1.047E+21,256601.81,2519258.111,4
台東縣,1.047E+21,256535.419,2519115.034,4
台東縣,1.047E+21,290643.587,2559291.068,4
台東縣,1.04501E+21,290791.712,2561302.898,4
台東縣,1.04501E+21,291068.747,2561921.319,4
台東縣,1.04501E+21,291006.411,2563991.406,4
台東縣,1.04501E+21,291333.217,2563095.278,4
台東縣,1.047E+21,290780.902,2561294.205,4
台東縣,1.04501E+21,291284.089,2562206.808,4
台東縣,1.047E+21,255257.421,2518132.313,4
台東縣,1.047E+21,255063.529,2518726.656,4
台東縣,1.047E+21,254687.142,2518555.317,4
台東縣,1.047E+21,254320.843,2518240.091,4
台東縣,1.047E+21,255133.317,2518695.705,4
台東縣,1.047E+21,255005.277,2518655.229,4
台東縣,1.047E+21,255110.552,2517673.453,4
台東縣,1.047E+21,255135.769,2517559.535,4
台東縣,1.047E+21,255280.528,2518073.18,4
台東縣,1.047E+21,255571.343,2518196.859,4
台東縣,1.047E+21,255250.279,2517637.674,4
台東縣,1.047E+21,255378.237,2517357.337,4
台東縣,1.047E+21,255097.114,2518098.554,4
台東縣,1.047E+21,254267.621,2518214.563,4
台東縣,1.047E+21,255311.823,2517471.187,4
台東縣,1.047E+21,254093.077,2518340.04,4
台東縣,1.047E+21,254243.327,2518274.514,4
台東縣,1.047E+21,254439.31,2518160.505,4
台東縣,1.047E+21,254874.925,2517986.416,4
台東縣,1.047E+21,255104.759,2518011.386,4
台東縣,1.047E+21,254112.932,2518272.42,4
台東縣,1.047E+21,259484.909,2528963.929,4
台東縣,1.047E+21,259490.341,2527250.04,4
台東縣,1.047E+21,258490.954,2525936.343,4
台東縣,1.047E+21,258675.575,2525742.184,4
台東縣,1.047E+21,258510.708,2526012.609,4
台東縣,1.047E+21,258706.201,2526336.206,4
台東縣,1.047E+21,258327.339,2526159.831,4
台東縣,1.047E+21,258186.916,2525606.732,4
台東縣,1.047E+21,259170.793,2528656.693,4
台東縣,1.047E+21,259578.655,2527099.419,4
台東縣,1.047E+21,259460.196,2527822.612,4
台東縣,1.047E+21,259463.1,2527947.977,4
台東縣,1.047E+21,259550.401,2528445.149,4
台東縣,1.047E+21,259372.458,2528352.756,4
台東縣,1.047E+21,259360.185,2528526.023,4
台東縣,1.047E+21,259463.401,2528320.231,4
台東縣,1.047E+21,259326.574,2524535.938,4
台東縣,1.047E+21,259606.528,2525483.493,4
台東縣,1.047E+21,259461.811,2528652.278,4
台東縣,1.047E+21,259511.065,2527270.679,4
台東縣,1.047E+21,259461.583,2528484.129,4
台東縣,1.047E+21,259304.561,2528550.039,4
台東縣,1.047E+21,259217.48,2528587.924,4
台東縣,1.047E+21,259140.291,2528621.948,4
台東縣,1.047E+21,259301.394,2528386.912,4
台東縣,1.047E+21,259557.214,2526185.871,4
台東縣,1.047E+21,259586.84,2525478.386,0
台東縣,1.047E+21,259620.342,2527776.696,4
台東縣,1.04501E+21,289392.041,2556538.385,4
台東縣,1.04501E+21,290972.069,2558760.557,4
台東縣,1.047E+21,289740.808,2556431.887,4
台東縣,1.04501E+21,290619.032,2558015.533,4
台東縣,1.04501E+21,291073.892,2558245.514,4
台東縣,1.04501E+21,291144.251,2558570.066,4
台東縣,1.04501E+21,290915.047,2558693.194,4
台東縣,1.04501E+21,290982.039,2558824.971,4
台東縣,1.04501E+21,291035.725,2557593.463,4
台東縣,1.04501E+21,291325.499,2557916.796,4
台東縣,1.047E+21,291054.91,2558538.038,4
台東縣,1.04501E+21,289463.908,2556609.881,4
台東縣,1.04501E+21,291151.659,2558425.606,4
台東縣,1.04501E+21,290591.513,2558143.349,4
台東縣,1.04501E+21,289503.506,2556685.911,4
台東縣,1.04501E+21,290268.896,2557677.718,4
台東縣,1.04501E+21,291102.571,2558509.414,4
台東縣,1.04501E+21,290930.058,2558854.321,4
台東縣,1.047E+21,256833.206,2521546.686,4
台東縣,1.047E+21,257088.8,2521933.961,4
台東縣,1.047E+21,257110.766,2521732.265,4
台東縣,1.047E+21,257151.537,2521367.109,4
台東縣,1.047E+21,257110.922,2521758.115,4
台東縣,1.047E+21,257119.544,2521653.731,4
台東縣,1.047E+21,256781.98,2521685.437,4
台東縣,1.047E+21,256832.427,2521412.548,4
台東縣,1.047E+21,256710.248,2521559.068,4
台東縣,1.047E+21,257030.228,2522065.637,4
台東縣,1.047E+21,257092.719,2521928.935,4
台東縣,1.047E+21,256912.037,2522195.086,4
台東縣,1.047E+21,265761.353,2522875.893,4
台東縣,1.047E+21,253333.595,2511386.342,0
台東縣,1.047E+21,252953.295,2511361.061,0
台東縣,1.047E+21,252737.045,2511040.114,0
台東縣,1.047E+21,252758.57,2511065.69,4
台東縣,1.047E+21,253301.166,2511379.619,4
台東縣,1.047E+21,253450.435,2511406.464,4
台東縣,1.047E+21,252449.066,2510736.566,0
台東縣,1.047E+21,252262.67,2510550.718,4
台東縣,1.047E+21,252100.704,2510498.746,4
台東縣,1.047E+21,252035.954,2510514.868,4
台東縣,1.047E+21,252624.636,2510913.05,0
台東縣,1.047E+21,252383.414,2510651.738,4
台東縣,1.04301E+21,261832.106,2536470.395,4
台東縣,1.04301E+21,261727.255,2536914.292,0
台東縣,1.04501E+21,287661.262,2555504.355,4
台東縣,1.047E+21,288041.713,2555474.245,4
台東縣,1.04501E+21,288272.752,2555610.852,4
台東縣,1.04501E+21,288740.619,2555557.154,4
台東縣,1.04501E+21,288613.124,2555605.337,4
台東縣,1.04501E+21,288320.6,2555896.867,4
台東縣,1.047E+21,287903.234,2555546.431,0
台東縣,1.04501E+21,288274.223,2555778.769,4
台東縣,1.04501E+21,288576.726,2555398.15,4
台東縣,1.04501E+21,288536.999,2555468.892,4
台東縣,1.04501E+21,288679.835,2555438.222,4
台東縣,1.04501E+21,289070.892,2555596.942,4
台東縣,1.04501E+21,288807.069,2555672.258,4
台東縣,1.04501E+21,288737.449,2555921.361,4
台東縣,1.04501E+21,288599.455,2555780.439,4
台東縣,1.04501E+21,288590.503,2556002.085,4
台東縣,1.04501E+21,288645.441,2556092.663,4
台東縣,1.04501E+21,288942.776,2555640.263,4
台東縣,1.04501E+21,289169.487,2555641.636,4
台東縣,1.04501E+21,288888.076,2555523.592,4
台東縣,1.04501E+21,288844.56,2555602.121,4
台東縣,1.04501E+21,289011.034,2555476.994,4
台東縣,1.04501E+21,289100.771,2555512.476,4
台東縣,1.04501E+21,288973.205,2555548.433,4
台東縣,1.04501E+21,288913.292,2555713.853,4
台東縣,1.04501E+21,289103.208,2555805.07,4
台東縣,1.04501E+21,288847.548,2555880.298,4
台東縣,1.04501E+21,288847.193,2556207.744,4
台東縣,1.04501E+21,288969.914,2555842.918,4
台東縣,1.04501E+21,289001.271,2555763.145,4
台東縣,1.04501E+21,289092.235,2555854.201,4
台東縣,1.04501E+21,288921.274,2555959.901,4
台東縣,1.04501E+21,289128.948,2556215.497,4
台東縣,1.04501E+21,288840.346,2556013.233,4
台東縣,1.04501E+21,288927.897,2556101.933,4
台東縣,1.04501E+21,288828.014,2556158.03,4
台東縣,1.04501E+21,288978.491,2556056.125,4
台東縣,1.04501E+21,289203.831,2555556.155,4
台東縣,1.04501E+21,289071.888,2556166.15,4
台東縣,1.04501E+21,288000.429,2555491.971,4
台東縣,1.04501E+21,288646.298,2555520.324,4
台東縣,1.04501E+21,289238.615,2555488.773,4
台東縣,1.04501E+21,289299.462,2555835.515,4
台東縣,1.04501E+21,288669.523,2555713.927,4
台東縣,1.04501E+21,288613.481,2555626.015,4
台東縣,1.04501E+21,289153.119,2555383.666,4
台東縣,1.04501E+21,289199.125,2555758.651,4
台東縣,1.04501E+21,288776.818,2555479.54,4
台東縣,1.04501E+21,289244.524,2555810.74,4
台東縣,1.04501E+21,287978.419,2555656.302,4
台東縣,1.04501E+21,288463.953,2555913.174,4
台東縣,1.04501E+21,288911.813,2555435.556,4
台東縣,1.04501E+21,289135.866,2555724.918,4
台東縣,1.04501E+21,288618.737,2555392.797,0
台東縣,1.04301E+21,258514.061,2533432.643,4
台東縣,1.04301E+21,258627.636,2533455.269,4
台東縣,1.04301E+21,258518.774,2533787.047,4
台東縣,1.047E+21,265416.395,2533066.446,4
台東縣,1.04301E+21,265585.826,2533125.945,4
台東縣,1.047E+21,265499.563,2533627.484,4
台東縣,1.04301E+21,265720.138,2534874.572,4
台東縣,1.04301E+21,265317.483,2533135.543,4
台東縣,1.04501E+21,279472.445,2544380.032,4
台東縣,1.04501E+21,278829.386,2546232.512,4
台東縣,1.04501E+21,280096.347,2549885.146,4
台東縣,1.047E+21,279977.715,2548728.015,4
台東縣,1.04501E+21,280110.885,2548357.156,4
台東縣,1.04501E+21,279323.321,2547779.65,4
台東縣,1.04501E+21,279199.39,2545836.051,4
台東縣,1.04501E+21,278872.986,2545966.421,4
台東縣,1.04601E+21,279510.411,2544560.563,4
台東縣,1.04501E+21,278472.309,2546023.529,4
台東縣,1.04501E+21,279467.516,2544386.076,4
台東縣,1.04501E+21,279416.99,2544755.31,4
台東縣,1.04501E+21,281034.534,2551094.936,0
台東縣,1.04501E+21,276715.34,2541795.172,4
台東縣,1.04501E+21,276133.284,2541206.413,4
台東縣,1.04501E+21,272282.055,2538060.015,0
台東縣,1.04501E+21,281395.978,2541101.677,4
台東縣,1.04501E+21,281254.479,2541458.391,4
台東縣,1.04501E+21,281010.582,2540884.802,4
台東縣,1.047E+21,281071.01,2540862.159,4
台東縣,1.04501E+21,281135.563,2541014.872,4
台東縣,1.04501E+21,281229.285,2541026.677,4
台東縣,1.04501E+21,281346.288,2541404.512,4
台東縣,1.047E+21,279768.61,2539822.429,4
台東縣,1.04501E+21,281201.465,2540804.442,4
台東縣,1.04501E+21,281210.793,2541021.957,0
台東縣,1.04501E+21,280149.524,2539396.547,4
台東縣,1.04501E+21,280042.878,2539446.255,4
台東縣,1.047E+21,280865.634,2540646.008,4
台東縣,1.04501E+21,280616.481,2540398.612,4
台東縣,1.047E+21,280972.168,2540759.2,4
台東縣,1.04501E+21,277290.263,2542525.554,4
台東縣,1.04501E+21,279618.831,2544007.271,4
台東縣,1.04501E+21,279531.793,2544114.378,4
台東縣,1.04501E+21,279329.961,2544157.443,4
台東縣,1.04501E+21,279525.104,2543949.059,4
台東縣,1.04501E+21,279239.987,2544119.301,4
台東縣,1.04501E+21,279422.783,2544081.647,4
台東縣,1.04501E+21,279550.004,2543907.385,4
台東縣,1.04501E+21,278893.586,2544542.123,4
台東縣,1.04501E+21,279114.886,2543264.323,4
台東縣,1.04501E+21,279439.438,2544210.82,4
台東縣,1.04501E+21,279206.879,2543737.227,4
台東縣,1.047E+21,270696.66,2528935.874,4
台東縣,1.047E+21,270583.103,2528800.762,4
台東縣,1.047E+21,269801.795,2528024.044,4
台東縣,1.047E+21,270097.254,2528259.581,4
台東縣,1.04501E+21,273371.069,2530198.633,4
台東縣,1.04501E+21,272825.333,2529968.57,4
台東縣,1.047E+21,272822.249,2529723.957,4
台東縣,1.04501E+21,273067.37,2529957.038,4
台東縣,1.04501E+21,273136.07,2530276.051,4
台東縣,1.04501E+21,273340.365,2530291.866,4
台東縣,1.04501E+21,273476.91,2530502.527,4
台東縣,1.04501E+21,273313.415,2530493.8,4
台東縣,1.04501E+21,273507.067,2530550.866,4
台東縣,1.04501E+21,273449.26,2530390.534,4
台東縣,1.04501E+21,273432.976,2530412.849,4
台東縣,1.04501E+21,273259.669,2530176.813,4
台東縣,1.04501E+21,272316.754,2529766.258,0
台東縣,1.04501E+21,273370.078,2530732.655,4
台東縣,1.04601E+21,250136.87,2503570.641,4
台東縣,1.04601E+21,250102.751,2503766.592,4
台東縣,1.04601E+21,250175.885,2503651.511,4
台東縣,1.04301E+21,266698.85,2549865.742,4
台東縣,1.04301E+21,266892.623,2550130.195,4
台東縣,1.04301E+21,266777.709,2550090.487,4
台東縣,1.04301E+21,266874.029,2550077.152,4
台東縣,1.04301E+21,266832.644,2549961.817,4
台東縣,1.04301E+21,266511.406,2550035.331,4
台東縣,1.04301E+21,266707.851,2550057.858,4
台東縣,1.04301E+21,266649.926,2550147.725,4
台東縣,1.04301E+21,266626.501,2550074.245,4
台東縣,1.04301E+21,266590.807,2550114.804,4
台東縣,1.04301E+21,266721.266,2550123.427,4
台東縣,1.04301E+21,266597.19,2550166.466,4
台東縣,1.04301E+21,266394.18,2551673.552,4
台東縣,1.047E+21,266507.166,2550497.706,4
台東縣,1.04301E+21,266593.875,2550650.361,4
台東縣,1.04301E+21,266674.829,2550199.822,4
台東縣,1.04301E+21,267201.022,2551180.84,4
台東縣,1.04301E+21,266718.337,2550503.464,4
台東縣,1.04301E+21,266921.731,2549921.389,4
台東縣,1.04301E+21,266553.702,2550241.235,4
台東縣,1.04301E+21,266514.765,2551541.667,4
台東縣,1.04301E+21,266455.314,2551697.7,4
台東縣,1.04301E+21,266536.923,2550182.081,4
台東縣,1.04301E+21,266994.459,2550709.264,4
台東縣,1.04301E+21,266850.953,2550316.659,4
台東縣,1.047E+21,266960.83,2550040.308,4
台東縣,1.04301E+21,266600.576,2549896.364,4
台東縣,1.04301E+21,266804.668,2550155.668,4
台東縣,1.04301E+21,266823.556,2550221.642,4
台東縣,1.04301E+21,266904.649,2550175.91,4
台東縣,1.047E+21,266996.909,2550143.027,4
台東縣,1.04301E+21,267331.332,2551088.358,4
台東縣,1.04301E+21,266783.983,2551739.812,4
台東縣,1.04301E+21,266537.749,2550504.815,4
台東縣,1.04301E+21,267184.047,2550658.338,4
台東縣,1.04301E+21,266456.958,2551501.283,4
台東縣,1.04301E+21,266647.905,2551259.938,4
台東縣,1.047E+21,301550.153,2506274.891,0
台東縣,1.047E+21,299737.711,2508607.343,4
台東縣,1.047E+21,300480.136,2508405.218,4
台東縣,1.047E+21,300590.658,2508358.261,4
台東縣,1.047E+21,301389.854,2508376.315,4
台東縣,1.047E+21,300375.84,2508481.521,4
台東縣,1.047E+21,302055.222,2507998.655,0
台東縣,1.047E+21,302048.261,2507790.643,0
台東縣,1.047E+21,301585.786,2507032.957,0
台東縣,1.047E+21,301979.069,2507409.85,0
台東縣,1.047E+21,301270.561,2505347.265,0
台東縣,1.047E+21,301363.42,2505635.103,0
台東縣,1.047E+21,301236.316,2505185.448,4
台東縣,1.047E+21,301794.827,2504197.938,0
台東縣,1.04301E+21,264324.259,2542982.897,4
台東縣,1.04301E+21,264491.394,2543003.321,4
台東縣,1.04301E+21,264450.406,2542924.03,4
台東縣,1.04301E+21,264823.897,2542898.711,0
台東縣,1.04301E+21,264175.814,2542077.849,4
台東縣,1.04301E+21,261779.9,2533742.292,4
台東縣,1.04301E+21,261787.743,2534024.712,4
台東縣,1.04301E+21,262317.835,2533647.65,0
台東縣,1.04301E+21,262391.424,2533655.212,4
台東縣,1.04301E+21,262078.923,2533652.223,4
台東縣,1.04301E+21,262004.768,2533657.829,0
台東縣,1.04301E+21,261556.758,2533500.2,4
台東縣,1.04301E+21,261560.614,2533683.699,4
台東縣,1.04301E+21,260851.081,2533696.544,4
台東縣,1.04301E+21,261476.912,2534205.785,4
台東縣,1.04301E+21,262729.856,2533633.625,0
台東縣,1.04301E+21,262273.11,2534639.877,4
台東縣,1.04301E+21,261792.747,2534199.475,4
台東縣,1.04301E+21,263181.107,2533619.586,4
台東縣,1.04301E+21,260610.388,2533366.457,4
台東縣,1.04301E+21,263958.643,2534296.008,4
台東縣,1.04301E+21,263755.065,2533788.253,4
台東縣,1.04301E+21,260446.486,2534231.18,4
台東縣,1.04301E+21,261467.07,2533676.15,4
台東縣,1.04301E+21,261777.795,2533667.656,4
台東縣,1.04301E+21,263003.156,2533642.818,4
台東縣,1.04301E+21,263308.129,2533633.316,4
台東縣,1.04601E+21,238261.347,2483785.423,4
台東縣,1.04601E+21,238221.57,2483915.992,4
台東縣,1.04601E+21,238351.632,2483809.818,4
台東縣,1.04601E+21,238220.529,2483831.291,4
台東縣,1.04601E+21,238355.007,2483977.657,4
台東縣,1.04601E+21,238308.915,2483971.892,4
台東縣,1.04601E+21,238456.088,2484066.47,4
台東縣,1.04601E+21,238275.413,2483885.807,4
台東縣,1.04601E+21,238380.933,2483963.794,4
台東縣,1.047E+21,238350.605,2483733.257,4
台東縣,1.04601E+21,238405.399,2483912.83,4
台東縣,1.04601E+21,236219.16,2466038.735,4
台東縣,1.04601E+21,236171.453,2466055.4,4
台東縣,1.04601E+21,237537.225,2466183.838,4
台東縣,1.04601E+21,238184.307,2466182.874,4
台東縣,1.04601E+21,236184.153,2466106.535,4
台東縣,1.04601E+21,237140.876,2466128.453,0
台東縣,1.04601E+21,236210.47,2466063.851,4
台東縣,1.04601E+21,236363.911,2466150.964,4
台東縣,1.04601E+21,237959.352,2466146.701,4
台東縣,1.04601E+21,238084.556,2466194.536,4
台東縣,1.04601E+21,238061.295,2466093.179,4
台東縣,1.04601E+21,236185.616,2465990.707,4
台東縣,1.04601E+21,237981.148,2466403.319,4
台東縣,1.04601E+21,238548.976,2465355.591,4
台東縣,1.04601E+21,238681.612,2464049.117,4
台東縣,1.047E+21,307217.966,2436428.228,4
台東縣,1.047E+21,308034.071,2435774.117,4
台東縣,1.047E+21,307100.041,2436468.995,4
台東縣,1.047E+21,305957.261,2436589.802,4
台東縣,1.047E+21,306174.762,2436672.947,4
台東縣,1.04601E+21,236053.826,2464376.481,4
台東縣,1.04601E+21,236078.121,2464734.125,4
台東縣,1.04601E+21,236040.743,2464543.644,4
台東縣,1.04601E+21,235230.365,2475872.254,4
台東縣,1.04601E+21,235520.114,2475516.19,4
台東縣,1.04601E+21,234795.149,2476631.043,4
台東縣,1.04601E+21,234849.619,2476991.133,4
台東縣,1.04601E+21,235377.967,2475811.44,4
台東縣,1.04301E+21,268543.057,2551884.511,4
台東縣,1.04301E+21,268252.546,2553553.577,4
台東縣,1.04301E+21,268163.31,2553181.986,4
台東縣,1.04301E+21,268068.852,2551821.465,4
台東縣,1.04301E+21,268160.177,2552193.115,4
台東縣,1.04301E+21,268228.339,2552119.098,4
台東縣,1.04301E+21,267683.912,2552014.661,4
台東縣,1.04301E+21,267766.129,2552567.522,4
台東縣,1.04301E+21,268489.347,2553245.041,4
台東縣,1.04301E+21,268604.218,2553241.356,4
台東縣,1.04301E+21,268469.731,2551680.11,4
台東縣,1.04301E+21,268123.246,2553539.826,4
台東縣,1.04301E+21,268665.927,2554554.136,0
台東縣,1.04301E+21,268443.467,2552652.559,4
台東縣,1.04301E+21,268812.735,2553773.626,4
台東縣,1.04301E+21,268291.273,2552503.6,4
台東縣,1.04301E+21,268353.476,2552746.093,4
台東縣,1.04301E+21,268817.305,2552402.311,4
台東縣,1.04301E+21,268387.065,2552480.39,4
台東縣,1.04301E+21,268265.021,2552510.813,4
台東縣,1.047E+21,298226.752,2508115.713,4
台東縣,1.047E+21,298516.306,2508310.818,4
台東縣,1.047E+21,298728.653,2508270.592,4
台東縣,1.047E+21,298926.294,2508287.558,4
台東縣,1.047E+21,298130.986,2507685.854,4
台東縣,1.047E+21,298444.917,2507231.751,4
台東縣,1.047E+21,298240.448,2507520.275,4
台東縣,1.047E+21,298027.602,2507887.802,4
台東縣,1.047E+21,298317.646,2507401.304,4
台東縣,1.047E+21,298767.847,2506789.448,4
台東縣,1.047E+21,298703.987,2506882.838,4
台東縣,1.04301E+21,266636.35,2549673.988,4
台東縣,1.04301E+21,266677.541,2549793.263,4
台東縣,1.04301E+21,266620.475,2549679.248,4
台東縣,1.04301E+21,266542.177,2549715.141,4
台東縣,1.047E+21,266771.511,2549497.365,4
台東縣,1.04301E+21,266370.427,2549512.176,4
台東縣,1.04301E+21,266711.124,2549274.842,4
台東縣,1.04301E+21,266544.968,2549450.513,4
台東縣,1.047E+21,266731.569,2549390.019,4
台東縣,1.04301E+21,266652.108,2549427.001,4
台東縣,1.04301E+21,266644.404,2549424.119,4
台東縣,1.04301E+21,266684.204,2549535.654,4
台東縣,1.04301E+21,266489.971,2549607.512,0
台東縣,1.04301E+21,266761.364,2549756.804,4
台東縣,1.04301E+21,266853.982,2549478.278,0
台東縣,1.04301E+21,266744.892,2549692.306,4
台東縣,1.04301E+21,266557.229,2549461.419,4
台東縣,1.04301E+21,266611.883,2549562.172,0
台東縣,1.04301E+21,266575.702,2549822.552,4
台東縣,1.04301E+21,266724.494,2549650.404,4
台東縣,1.04301E+21,266448.195,2549480.123,4
台東縣,1.047E+21,266849.255,2549728.931,4
台東縣,1.047E+21,266808.691,2549613.433,4
台東縣,1.04301E+21,266616.023,2549320.325,4
台東縣,1.04301E+21,266695.345,2549537.541,0
台東縣,1.04301E+21,266448.583,2549760.4,4
台東縣,1.04301E+21,265279.769,2545263.982,4
台東縣,1.04301E+21,265119.358,2545482.103,4
台東縣,1.04301E+21,265598.02,2546162.875,4
台東縣,1.04301E+21,265146.324,2545426.027,4
台東縣,1.04301E+21,265722.721,2549030.444,4
台東縣,1.04301E+21,266471.481,2549267.745,4
台東縣,1.04301E+21,266304.963,2548765.483,4
台東縣,1.04301E+21,266217.513,2549331.436,4
台東縣,1.047E+21,265965.865,2549136.038,4
台東縣,1.04301E+21,266342.594,2549414.515,4
台東縣,1.04301E+21,266749.415,2548271.194,4
台東縣,1.04301E+21,266728.215,2547713.608,4
台東縣,1.047E+21,266323.216,2549414.083,4
台東縣,1.04301E+21,266247.56,2549433.253,4
台東縣,1.047E+21,266653.3,2549171.963,4
台東縣,1.04301E+21,266539.587,2549289.112,4
台東縣,1.04301E+21,266387.301,2549297.206,4
台東縣,1.04301E+21,265926.619,2548996.797,4
台東縣,1.04301E+21,266157.064,2549564.74,4
台東縣,1.04301E+21,266512.069,2549349.503,4
台東縣,1.04301E+21,266559.923,2549206.034,4
台東縣,1.04301E+21,266586.103,2549265.927,4
台東縣,1.04501E+21,266167.811,2549404.942,4
台東縣,1.04301E+21,266990.894,2549612.948,4
台東縣,1.04301E+21,267731.816,2548590.856,4
台東縣,1.04301E+21,267118.765,2549123.439,0
台東縣,1.04301E+21,267008.425,2549164.794,4
台東縣,1.04301E+21,267022.147,2550020.034,4
台東縣,1.04301E+21,267233.043,2549108.582,4
台東縣,1.04301E+21,267391.158,2549163.778,4
台東縣,1.04301E+21,267372.288,2549033.425,4
台東縣,1.04301E+21,267358.333,2550438.237,4
台東縣,1.04301E+21,267670.502,2549367.962,4
台東縣,1.04301E+21,267883.393,2550198.005,4
台東縣,1.047E+21,267808.103,2549329.542,4
台東縣,1.04301E+21,268272.852,2550748.516,4
台東縣,1.04301E+21,268167.887,2550799.739,4
台東縣,1.04301E+21,267072.277,2549366.696,4
台東縣,1.04301E+21,267327.889,2549209.843,4
台東縣,1.04301E+21,267843.608,2545225.882,4
台東縣,1.04301E+21,267906.164,2543531.874,4
台東縣,1.04301E+21,267756.044,2544296.209,4
台東縣,1.04301E+21,267710.267,2544966.827,4
台東縣,1.04301E+21,268718.678,2547650.741,4
台東縣,1.04301E+21,268024.046,2546106.94,4
台東縣,1.04301E+21,267993.487,2545844.955,4
台東縣,1.04301E+21,268119.914,2546579.049,4
台東縣,1.04301E+21,267849.834,2543026.649,4
台東縣,1.04301E+21,267758.009,2543737.832,4
台東縣,1.04301E+21,268209.402,2546858.015,4
台東縣,1.04301E+21,268524.486,2547444.957,4
台東縣,1.04301E+21,272454.543,2557812.287,4
台東縣,1.04301E+21,272302.603,2557694.752,4
台東縣,1.04301E+21,272374.537,2557757.178,4
台東縣,1.04301E+21,271987.307,2557581.687,4
台東縣,1.04301E+21,272615.48,2557937.826,4
台東縣,1.04301E+21,272642.948,2557884.11,4
台東縣,1.04301E+21,272526.512,2557874.728,4
台東縣,1.04301E+21,272079.554,2557863.935,4
台東縣,1.04301E+21,271997.468,2558246.239,4
台東縣,1.04301E+21,271756.416,2557594.332,4
台東縣,1.04301E+21,271855.373,2557673.207,4
台東縣,1.04301E+21,272127.301,2557745.54,4
台東縣,1.04301E+21,272257.227,2557917.31,4
台東縣,1.04301E+21,272248.58,2557751.851,4
台東縣,1.04301E+21,272097.404,2557650.508,4
台東縣,1.04301E+21,271912.767,2557654.482,4
台東縣,1.04301E+21,271990.196,2557619.171,4
台東縣,1.04301E+21,272165.6,2557667.21,4
台東縣,1.04301E+21,272373.395,2558076.171,4
台東縣,1.04301E+21,272261.815,2558380.499,4
台東縣,1.04301E+21,272355.832,2557925.496,4
台東縣,1.04301E+21,271791.917,2557637.169,4
台東縣,1.04301E+21,271970.311,2557781.13,4
台東縣,1.04301E+21,272370.383,2558084.76,4
台東縣,1.04301E+21,272283.798,2558009.838,4
台東縣,1.04301E+21,272223.809,2557963.122,4
台東縣,1.04301E+21,272392.395,2557868.005,4
台東縣,1.04301E+21,272356.21,2557817.477,4
台東縣,1.04301E+21,272614.499,2558230.819,4
台東縣,1.04301E+21,272540.205,2558201.36,4
台東縣,1.04301E+21,272587.392,2558118.702,4
台東縣,1.047E+21,271429.91,2558213.682,4
台東縣,1.04301E+21,272431.573,2557986.422,4
台東縣,1.04301E+21,272636.313,2558056.259,4
台東縣,1.04301E+21,272148.484,2557643.932,4
台東縣,1.04301E+21,272678.299,2558207.572,4
台東縣,1.04301E+21,272241.696,2558243.724,4
台東縣,1.04301E+21,272153.781,2558174.787,4
台東縣,1.04301E+21,271852.997,2557690.331,4
台東縣,1.04301E+21,271701.754,2558014.732,4
台東縣,1.04301E+21,272200.849,2558094.077,4
台東縣,1.04301E+21,272494.537,2558428.191,4
台東縣,1.04301E+21,272016.564,2558318.38,4
台東縣,1.04301E+21,271442.534,2558380.312,4
台東縣,1.04301E+21,271841.85,2558184.015,4
台東縣,1.04301E+21,272084.185,2558243.484,4
台東縣,1.04301E+21,271802.626,2558023.481,4
台東縣,1.04301E+21,271828.805,2558092.99,4
台東縣,1.04301E+21,271972.268,2558036.003,4
台東縣,1.04301E+21,272137.7,2558156.55,4
台東縣,1.04301E+21,272464.084,2558144.51,4
台東縣,1.04301E+21,272283.787,2558487.76,4
台東縣,1.04301E+21,271743.229,2558124.229,4
台東縣,1.04301E+21,271964.937,2557769.287,4
台東縣,1.04301E+21,272116,2558388.883,4
台東縣,1.04301E+21,272181.392,2558323.397,4
台東縣,1.04301E+21,271842.65,2557963.084,4
台東縣,1.04301E+21,272479.916,2557914.726,4
台東縣,1.04301E+21,272700.326,2558009.591,4
台東縣,1.04301E+21,272391.069,2558356.906,4
台東縣,1.04301E+21,272268.175,2558005.975,4
台東縣,1.04301E+21,272054.562,2557836.15,4
台東縣,1.04501E+21,286211.115,2553567.08,4
台東縣,1.04501E+21,286231.904,2553415.72,4
台東縣,1.04501E+21,286516.117,2554331.843,4
台東縣,1.047E+21,288202.811,2555391.652,4
台東縣,1.04501E+21,288444.893,2555354.071,0
台東縣,1.04501E+21,288549.489,2555285.056,4
台東縣,1.04501E+21,288530.037,2555116.609,4
台東縣,1.04501E+21,288693.685,2555348.383,4
台東縣,1.04501E+21,289133.415,2555144.416,4
台東縣,1.04501E+21,288858.453,2555422.217,0
台東縣,1.04501E+21,288856.863,2555332.382,4
台東縣,1.04501E+21,286435.486,2554061.24,4
台東縣,1.04501E+21,286557.801,2554702.758,4
台東縣,1.04501E+21,288434.184,2555211.902,4
台東縣,1.047E+21,275364.75,2532515.495,4
台東縣,1.047E+21,275453.712,2532756.97,4
台東縣,1.04501E+21,275453.545,2532292.1,4
台東縣,1.047E+21,275308.666,2532408.551,4
台東縣,1.04501E+21,275431.786,2532397.014,4
台東縣,1.04501E+21,275566.071,2532391.637,4
台東縣,1.04501E+21,275439.873,2532561.058,4
台東縣,1.04501E+21,275566.026,2532738.704,4
台東縣,1.04501E+21,275755.553,2533398.926,4
台東縣,1.04501E+21,275817.889,2533496.472,4
台東縣,1.04501E+21,275831.999,2533346.198,4
台東縣,1.04501E+21,275353.723,2532274.034,4
台東縣,1.047E+21,275289.725,2532335.139,4
台東縣,1.04501E+21,275947.3,2533360.792,4
台東縣,1.047E+21,275090.311,2532089.327,4
台東縣,1.04501E+21,292676.429,2572275.892,4
台東縣,1.04501E+21,292195.026,2571808.12,4
台東縣,1.04501E+21,291963.465,2568370.329,4
台東縣,1.04501E+21,292317.144,2569131.946,4
台東縣,1.04501E+21,292282.294,2571690.445,4
台東縣,1.047E+21,292574.02,2569176.729,4
台東縣,1.04501E+21,292405.951,2569111.17,4
台東縣,1.047E+21,292456.948,2569218.79,4
台東縣,1.04501E+21,292420.664,2570513.265,4
台東縣,1.04501E+21,292595.322,2571340.273,4
台東縣,1.04501E+21,292640.592,2571539.196,4
台東縣,1.047E+21,292786.75,2572538.058,4
台東縣,1.04501E+21,293357.488,2573825.589,4
台東縣,1.047E+21,292772.184,2573065.246,4
台東縣,1.047E+21,292354.391,2569196.063,4
台東縣,1.04501E+21,292753.823,2572268.074,4
台東縣,1.04501E+21,292955.3,2573132.06,4
台東縣,1.04501E+21,292384.167,2571361.645,4
台東縣,1.04501E+21,292736.802,2572529.308,4
台東縣,1.04501E+21,292327.574,2570324.498,4
台東縣,1.04501E+21,292574.967,2571425.098,4
台東縣,1.04501E+21,292752.789,2572367.003,4
台東縣,1.04501E+21,292200.563,2568772.599,4
台東縣,1.04501E+21,292193.231,2568774.685,4
台東縣,1.047E+21,304653.455,2442367.191,4
台東縣,1.047E+21,304587.552,2442293.814,4
台東縣,1.047E+21,304272.757,2442319.601,4
台東縣,1.047E+21,304548.584,2442420.324,4
